Rank,Player,Team,Age,GP,W,L,Min,PTS,FGM,FGA,FG%,3PM,3PA,3P%,FTM,FTA,FT%,OREB,DREB,REB,AST,TOV,STL,BLK,PF,FP,DD2,TD3,+/-
1,Giannis Antetokounmpo,MIL,30,25,14,11,35.0,32.6,12.7,20.8,61.0,0.2,0.7,22.2,7.0,11.4,61.4,2.0,9.6,11.6,6.0,3.4,0.8,1.4,2.4,58.7,21.0,3.0,0.9
2,Shai Gilgeous-Alexander,OKC,26,32,27,5,34.5,31.3,11.1,21.0,52.8,2.2,6.2,35.0,7.0,7.9,87.8,0.8,4.7,5.5,6.0,2.7,2.0,1.2,2.1,53.7,2.0,0.0,12.1
3,Nikola Jokić,DEN,29,29,18,11,36.9,30.7,11.7,20.8,56.1,2.2,4.6,49.2,5.1,6.4,80.1,3.4,9.6,13.0,9.7,3.3,1.7,0.6,2.0,64.4,23.0,14.0,9.3
4,LaMelo Ball,CHA,23,22,6,16,33.7,30.1,10.5,24.6,42.5,4.5,13.0,34.6,4.7,5.5,84.4,0.9,4.5,5.3,7.4,4.1,1.3,0.2,3.7,48.1,6.0,0.0,-1.8
5,Paolo Banchero,ORL,22,5,3,2,36.4,29.0,9.6,19.4,49.5,2.2,6.4,34.4,7.6,11.8,64.4,2.4,6.4,8.8,5.6,2.2,0.6,0.8,2.6,50.0,2.0,0.0,5.8
6,Jayson Tatum,BOS,26,30,22,8,36.3,28.3,9.3,20.0,46.6,3.9,10.5,36.9,5.8,7.2,79.7,0.6,8.9,9.5,5.5,2.8,1.3,0.5,2.5,50.4,16.0,1.0,9.5
7,Luka Dončić,DAL,25,22,13,9,35.7,28.1,9.8,21.2,46.4,3.4,9.6,35.4,5.1,6.6,76.7,0.7,7.6,8.3,7.8,3.4,2.0,0.4,2.6,53.7,10.0,3.0,7.6
8,Kevin Durant,PHX,36,22,14,8,36.0,27.7,9.8,19.1,51.2,2.4,5.9,41.1,5.8,6.9,83.6,0.5,6.0,6.5,3.8,3.3,0.8,1.3,1.8,44.3,3.0,0.0,-1.0
9,De'Aaron Fox,SAC,27,34,15,19,37.2,26.8,9.9,20.2,49.2,2.1,6.3,32.9,4.8,6.0,80.4,1.1,3.9,5.0,6.2,3.4,1.6,0.4,2.8,44.5,5.0,0.0,0.6
10,Anthony Davis,LAL,31,31,18,13,34.7,26.1,9.5,18.0,52.7,0.7,2.2,32.4,6.4,8.3,77.7,2.5,9.0,11.6,3.5,2.2,1.3,2.0,1.9,53.1,23.0,0.0,-0.5
11,Tyrese Maxey,PHI,24,25,12,13,37.4,25.9,9.0,21.2,42.3,3.2,9.5,34.0,4.8,5.7,83.8,0.2,3.3,3.5,5.4,2.3,2.1,0.4,2.4,43.5,4.0,1.0,-0.6
12,Victor Wembanyama,SAS,20,28,15,13,32.9,25.6,9.2,19.1,48.0,3.3,9.4,35.5,3.9,4.4,87.9,1.8,8.2,10.0,3.9,3.4,1.0,3.9,2.0,54.8,12.0,1.0,4.1
13,Jalen Brunson,NYK,28,33,23,10,34.9,25.2,8.6,17.8,48.3,2.5,6.2,40.3,5.6,6.8,82.5,0.4,2.5,3.0,7.7,2.4,0.8,0.1,2.2,40.5,7.0,0.0,6.3
14,Damian Lillard,MIL,34,24,13,11,36.3,25.2,7.7,17.5,44.0,3.4,9.3,36.8,6.3,6.9,92.1,0.6,3.9,4.5,7.6,2.9,1.1,0.2,1.9,43.0,7.0,0.0,-0.7
15,Karl-Anthony Towns,NYK,29,32,23,9,34.3,24.9,8.9,16.3,54.8,2.2,5.0,44.0,4.9,5.9,83.6,2.9,10.8,13.7,3.3,2.6,0.8,0.9,3.6,49.1,28.0,0.0,7.5
16,Anthony Edwards,MIN,23,32,17,15,36.1,24.8,8.8,19.9,44.3,4.0,9.7,41.5,3.1,3.8,81.1,0.7,5.0,5.7,3.9,3.1,1.3,0.6,1.9,40.0,1.0,0.0,2.0
17,Devin Booker,PHX,28,27,14,13,36.3,24.7,7.8,18.2,42.9,2.6,7.7,34.1,6.5,7.2,90.2,1.1,2.5,3.7,6.5,2.3,1.1,0.3,2.1,40.9,3.0,0.0,-1.6
18,Cam Thomas,BKN,23,18,7,11,32.9,24.7,7.9,17.5,45.4,2.9,7.4,39.1,5.9,6.8,87.0,0.4,3.0,3.4,3.4,2.8,0.7,0.1,1.9,33.3,0.0,0.0,-2.8
19,Franz Wagner,ORL,23,25,16,9,33.2,24.4,8.8,18.9,46.5,2.0,6.4,32.1,4.8,5.4,88.1,0.9,4.7,5.6,5.7,2.4,1.7,0.5,2.3,43.8,2.0,0.0,5.8
20,Jaylen Brown,BOS,28,28,21,7,35.4,24.4,9.0,19.4,46.1,2.3,7.0,33.2,4.1,5.6,73.4,1.5,4.5,6.0,4.6,2.8,1.4,0.3,2.4,40.7,3.0,0.0,8.5
21,Kyrie Irving,DAL,32,30,19,11,35.6,24.3,9.0,18.3,49.0,3.1,7.0,44.1,3.3,3.6,89.9,1.0,3.5,4.6,4.9,2.3,1.2,0.4,2.2,39.6,0.0,0.0,4.8
22,Tyler Herro,MIA,24,31,17,14,35.3,24.3,8.4,17.6,47.7,4.0,9.7,41.0,3.5,4.1,85.0,0.3,5.3,5.6,5.2,2.5,0.7,0.1,1.5,38.7,5.0,0.0,2.3
23,Norman Powell,LAC,31,26,15,11,33.3,24.3,8.4,17.2,49.0,3.7,8.3,45.1,3.7,4.3,85.0,0.3,3.0,3.3,2.5,2.1,1.3,0.2,2.0,34.3,1.0,0.0,2.5
24,Cade Cunningham,DET,23,29,14,15,35.9,23.8,8.9,19.8,44.9,2.4,6.6,37.2,3.6,4.4,79.8,1.0,5.7,6.8,9.7,4.4,0.8,0.9,2.8,46.9,16.0,6.0,-1.5
25,Joel Embiid,PHI,30,11,6,5,29.3,23.7,7.5,16.7,45.1,1.2,3.9,30.2,7.5,8.0,93.2,1.6,5.4,7.0,3.8,3.3,0.9,1.0,2.3,40.3,2.0,0.0,0.8
26,Donovan Mitchell,CLE,28,32,28,4,31.5,23.7,8.3,18.3,45.6,3.9,9.4,41.5,3.1,3.8,81.0,0.5,4.0,4.6,4.6,2.1,1.5,0.3,2.0,39.2,2.0,0.0,8.4
27,LeBron James,LAL,40,29,16,13,35.0,23.4,9.0,18.0,49.7,2.0,5.6,36.2,3.5,4.5,77.1,0.9,6.8,7.7,8.9,3.8,0.8,0.6,1.3,46.6,15.0,8.0,-3.9
28,RJ Barrett,TOR,24,27,6,21,34.1,23.4,8.5,18.5,45.9,1.9,5.6,34.4,4.5,6.2,72.6,0.9,5.9,6.8,6.2,3.4,0.7,0.4,2.5,40.7,7.0,2.0,-3.9
29,Zion Williamson,NOP,24,6,2,4,31.1,22.7,7.8,17.3,45.2,0.3,1.0,33.3,6.7,10.0,66.7,2.7,5.3,8.0,5.3,3.7,0.7,1.2,3.0,42.1,3.0,0.0,-2.3
30,Zach LaVine,CHI,29,29,13,16,33.3,22.3,8.0,15.9,50.3,3.3,7.4,44.4,3.0,3.8,80.7,0.2,4.2,4.4,4.3,3.0,0.9,0.3,1.7,34.5,1.0,0.0,-0.6
31,Trae Young,ATL,26,32,17,15,35.8,22.3,6.7,16.8,39.9,2.9,8.5,33.8,6.0,6.8,87.6,0.6,3.1,3.6,12.0,4.5,1.3,0.2,2.0,44.7,23.0,0.0,1.6
32,Brandon Ingram,NOP,27,18,5,13,33.1,22.2,8.6,18.5,46.5,2.4,6.4,37.4,2.6,3.1,85.5,0.9,4.6,5.6,5.2,3.8,0.9,0.6,2.5,37.3,0.0,0.0,-7.1
33,Jaren Jackson Jr.,MEM,25,32,22,10,28.5,22.1,7.9,16.0,49.2,1.8,5.2,35.3,4.5,5.7,79.7,1.4,4.7,6.1,1.8,2.2,1.5,1.7,3.2,39.5,2.0,0.0,7.8
34,Stephen Curry,GSW,36,26,12,14,31.2,22.0,7.3,16.7,43.7,4.2,10.5,40.1,3.2,3.5,92.3,0.5,4.3,4.7,6.4,3.1,1.2,0.5,1.1,39.3,4.0,0.0,5.2
35,James Harden,LAC,35,32,19,13,33.9,21.9,6.3,15.9,39.3,2.8,8.2,34.7,6.6,7.4,89.0,0.6,5.5,6.1,7.8,4.8,1.5,0.6,2.0,42.4,12.0,1.0,1.9
36,Jordan Poole,WAS,25,27,6,21,31.4,21.7,7.0,16.1,43.4,3.6,8.9,41.0,4.0,4.8,84.5,0.4,2.3,2.7,4.9,3.6,1.7,0.5,3.3,35.2,0.0,0.0,-8.7
37,CJ McCollum,NOP,33,21,3,18,33.8,21.4,8.2,18.5,44.5,2.8,8.0,34.3,2.2,3.1,69.7,0.8,3.1,3.9,4.1,1.8,1.0,0.5,2.4,35.1,0.0,0.0,-7.2
38,Brandon Miller,CHA,22,23,6,17,34.5,21.4,7.4,18.6,40.0,3.9,11.0,35.2,2.7,3.0,89.7,0.9,4.2,5.1,3.7,2.8,1.1,0.7,2.7,35.7,2.0,0.0,-4.6
39,Ja Morant,MEM,25,20,14,6,27.7,21.2,7.1,15.7,45.4,1.6,4.8,32.3,5.5,6.5,83.8,0.7,3.8,4.4,7.9,3.8,1.1,0.4,1.6,39.0,7.0,1.0,7.6
40,Jalen Williams,OKC,23,32,27,5,32.4,21.0,8.3,17.3,47.9,1.8,5.2,35.5,2.6,3.3,79.0,0.9,5.0,5.9,5.2,2.3,1.8,0.7,2.6,41.0,3.0,0.0,5.9
41,Trey Murphy III,NOP,24,21,2,19,34.3,20.8,7.1,15.5,45.7,3.1,8.6,36.7,3.4,3.8,90.0,0.8,3.7,4.5,2.6,1.7,1.1,0.6,2.3,33.5,0.0,0.0,-9.3
42,Domantas Sabonis,SAC,28,31,14,17,35.6,20.6,8.2,13.7,59.4,1.0,2.3,42.3,3.4,4.3,78.2,3.8,10.0,13.8,6.1,2.9,0.8,0.4,3.5,47.0,29.0,4.0,2.5
43,De'Andre Hunter,ATL,27,23,15,8,27.9,20.6,6.7,13.4,50.0,2.8,6.1,45.7,4.4,5.1,86.4,0.7,3.4,4.1,1.4,1.3,0.9,0.1,2.3,29.4,0.0,0.0,1.5
44,DeMar DeRozan,SAC,35,29,13,16,35.0,20.6,7.7,15.7,48.9,0.6,2.1,30.0,4.6,5.4,85.9,0.6,3.3,3.9,3.8,1.5,1.4,0.4,2.0,34.9,0.0,0.0,0.7
45,Darius Garland,CLE,24,32,28,4,30.0,20.5,7.4,15.0,49.3,2.9,6.9,42.7,2.8,3.1,90.9,0.5,2.1,2.6,6.7,2.4,1.2,0.3,2.2,35.5,4.0,0.0,7.2
46,Scottie Barnes,TOR,23,21,6,15,34.1,20.4,7.7,16.4,46.7,1.6,5.7,28.6,3.4,4.6,75.0,1.7,6.6,8.3,6.8,3.8,1.4,0.7,2.2,42.9,9.0,1.0,-5.7
47,Nikola Vučević,CHI,34,33,14,19,32.2,20.3,8.2,14.7,55.9,2.1,4.8,44.0,1.8,2.2,83.1,2.2,7.9,10.1,3.3,1.6,0.8,0.7,2.3,40.2,21.0,0.0,-2.9
48,Julius Randle,MIN,30,32,17,15,33.0,19.9,6.8,14.3,47.6,1.8,4.8,36.1,4.6,5.6,82.0,1.9,5.0,6.9,4.4,3.0,0.7,0.2,2.4,34.5,6.0,0.0,1.0
49,Jalen Johnson,ATL,23,31,17,14,36.5,19.9,7.9,15.5,50.9,1.4,4.2,33.1,2.7,3.6,74.8,1.8,8.4,10.2,5.4,3.0,1.5,1.1,2.0,45.0,18.0,1.0,2.8
50,Pascal Siakam,IND,30,34,16,18,33.7,19.9,7.5,14.4,51.9,2.0,4.5,43.8,2.9,3.7,77.2,1.6,5.6,7.2,3.4,1.4,0.9,0.3,2.9,35.9,5.0,0.0,0.4
51,Jamal Murray,DEN,27,26,14,12,36.7,19.8,7.1,16.1,43.9,2.2,5.9,36.6,3.5,4.2,85.2,0.5,3.6,4.1,6.2,2.3,1.5,0.7,1.8,38.5,4.0,0.0,4.8
52,Lauri Markkanen,UTA,27,27,5,22,32.0,19.5,6.1,14.1,42.9,2.8,7.9,35.8,4.5,5.1,89.1,1.8,4.6,6.4,1.9,1.5,0.8,0.3,1.6,31.7,3.0,0.0,-5.9
53,Jalen Green,HOU,22,33,22,11,32.7,19.4,6.8,16.6,40.8,2.4,7.6,31.6,3.5,4.1,85.8,0.5,3.9,4.5,2.5,2.5,1.0,0.2,1.7,29.8,1.0,0.0,3.3
54,Cameron Johnson,BKN,28,31,12,19,32.4,19.3,6.3,12.7,49.1,3.2,7.4,43.2,3.6,4.0,89.5,0.7,3.5,4.2,3.1,1.5,0.9,0.5,1.9,31.6,1.0,0.0,-2.8
55,Alperen Sengun,HOU,22,33,22,11,31.5,19.1,7.5,15.2,49.3,0.3,1.5,22.4,3.7,4.9,75.3,3.4,7.2,10.7,5.1,2.4,1.3,0.9,2.7,43.7,22.0,3.0,7.2
56,Michael Porter Jr.,DEN,26,32,19,13,34.1,18.8,7.2,13.8,52.0,2.6,6.2,41.9,1.8,2.6,69.9,1.6,4.9,6.5,2.7,1.4,0.7,0.4,2.2,32.4,4.0,0.0,5.0
57,Evan Mobley,CLE,23,31,27,4,30.2,18.4,7.1,12.5,57.0,1.1,2.5,43.0,3.1,4.0,78.2,2.1,6.6,8.7,2.9,2.2,1.0,1.5,2.2,38.5,13.0,0.0,9.2
58,Austin Reaves,LAL,26,27,16,11,34.5,18.3,6.2,13.9,44.9,2.6,7.2,36.1,3.3,4.1,80.9,0.9,3.5,4.3,5.7,2.5,1.0,0.1,2.1,33.2,3.0,1.0,0.4
59,Mikal Bridges,NYK,28,34,24,10,39.2,18.3,7.6,14.9,50.8,2.4,6.6,36.3,0.8,1.1,70.3,0.9,2.4,3.3,3.3,1.6,1.2,0.5,1.4,30.6,0.0,0.0,7.6
60,Kristaps Porziņģis,BOS,29,11,6,5,27.2,18.3,6.1,13.5,45.3,2.0,6.1,32.8,4.1,4.8,84.9,1.4,5.0,6.4,1.6,0.7,0.7,1.5,2.2,34.2,0.0,0.0,2.6
61,Bradley Beal,PHX,31,22,10,12,33.4,18.2,7.1,14.6,48.9,2.2,5.8,38.6,1.7,2.3,76.0,0.7,3.0,3.7,3.1,2.2,1.2,0.7,2.7,30.8,0.0,0.0,-5.3
62,Jimmy Butler,MIA,35,21,12,9,31.0,18.0,6.0,10.8,55.3,0.5,1.4,36.7,5.6,7.1,78.5,2.4,3.2,5.7,4.7,1.2,1.2,0.4,1.0,35.3,2.0,1.0,4.6
63,Miles Bridges,CHA,26,19,4,15,30.6,17.9,6.5,15.4,42.1,1.9,6.8,27.7,3.1,3.5,89.4,0.9,6.8,7.7,3.6,1.8,0.6,0.6,1.3,34.3,3.0,0.0,-5.4
64,Coby White,CHI,24,32,13,19,32.8,17.9,6.0,14.3,42.1,3.0,8.4,35.2,2.9,3.3,88.6,0.4,3.2,3.5,4.7,2.4,1.1,0.2,2.5,30.6,1.0,0.0,-3.5
65,Shaedon Sharpe,POR,21,24,8,16,30.8,17.8,6.7,14.7,45.5,1.8,6.3,29.1,2.7,3.3,80.0,0.7,2.8,3.5,2.5,1.6,0.8,0.3,1.8,27.3,0.0,0.0,-5.5
66,Gradey Dick,TOR,21,28,5,23,31.9,17.8,6.1,14.4,42.1,2.5,7.0,35.4,3.1,3.5,88.9,0.9,2.6,3.5,2.1,1.8,1.0,0.2,2.4,27.1,0.0,0.0,-2.3
67,John Collins,UTA,27,26,7,19,30.0,17.7,6.5,12.3,52.3,1.4,3.3,42.4,3.4,3.9,87.1,2.2,6.0,8.2,2.5,2.6,1.1,0.8,2.9,34.6,8.0,0.0,-2.3
68,Collin Sexton,UTA,25,32,7,25,28.5,17.7,6.4,12.9,49.3,2.0,4.5,43.8,2.9,3.3,89.5,0.9,1.8,2.7,3.8,2.6,0.8,0.1,2.3,26.5,1.0,0.0,-2.4
69,Tyrese Haliburton,IND,24,34,16,18,35.3,17.6,6.0,14.0,43.2,2.9,8.3,34.5,2.7,3.2,85.2,0.7,3.0,3.7,8.6,1.9,1.2,0.6,1.4,38.4,12.0,0.0,-0.3
70,Jaden Ivey,DET,22,30,14,16,29.9,17.6,6.3,13.8,46.0,2.1,5.1,40.9,2.8,3.9,73.3,1.3,2.8,4.1,4.0,3.0,0.9,0.4,2.2,29.4,0.0,0.0,-2.1
71,Anfernee Simons,POR,25,29,9,20,31.2,17.5,6.2,15.0,41.3,2.6,7.7,33.0,2.5,2.8,90.1,0.3,2.3,2.7,4.9,2.3,1.0,0.1,2.0,28.8,1.0,0.0,-7.6
72,Derrick White,BOS,30,32,24,8,34.2,16.8,5.8,12.8,45.2,3.5,8.9,39.2,1.8,2.1,83.8,1.0,3.7,4.6,4.6,1.7,1.0,1.2,2.2,34.1,1.0,0.0,7.7
73,Bennedict Mathurin,IND,22,34,16,18,33.1,16.8,5.7,12.4,46.3,1.5,3.9,37.3,3.9,4.7,83.0,1.3,4.9,6.2,1.9,2.1,0.7,0.4,2.7,28.1,5.0,0.0,0.2
74,Jonathan Kuminga,GSW,22,30,16,14,26.4,16.8,6.1,13.5,44.8,1.2,3.7,31.8,3.5,5.4,64.2,1.5,3.6,5.1,2.1,1.5,0.9,0.6,2.0,29.1,2.0,0.0,-0.3
75,Jalen Suggs,ORL,23,33,18,15,29.5,16.8,5.8,14.1,41.2,2.2,7.0,31.0,2.9,3.2,90.7,0.7,3.5,4.2,3.8,3.0,1.5,1.0,2.8,31.9,0.0,0.0,-0.5
76,Immanuel Quickley,TOR,25,4,1,3,24.9,16.8,5.8,14.5,39.7,2.3,5.8,39.1,3.0,3.3,92.3,0.3,2.3,2.5,6.8,1.3,0.5,0.0,2.5,30.1,1.0,0.0,-1.5
77,Jordan Clarkson,UTA,32,21,5,16,26.6,16.7,5.6,13.6,41.4,2.0,5.7,34.5,3.5,4.3,81.1,0.7,2.9,3.5,4.0,2.6,0.9,0.3,1.6,27.9,0.0,0.0,-7.2
78,OG Anunoby,NYK,27,34,24,10,36.4,16.5,6.3,13.2,47.7,2.1,5.9,35.1,1.9,2.4,78.8,1.2,3.8,5.0,1.9,1.3,1.5,1.0,2.5,31.7,0.0,0.0,7.5
79,Andrew Wiggins,GSW,29,28,13,15,29.1,16.4,5.8,12.9,44.6,2.2,5.4,40.7,2.8,3.5,78.6,1.6,2.8,4.4,2.4,1.2,0.9,0.9,1.7,29.2,2.0,0.0,-0.8
80,Chet Holmgren,OKC,22,10,8,2,26.5,16.4,5.6,11.1,50.5,1.4,3.7,37.8,3.8,4.9,77.6,1.6,7.1,8.7,2.0,2.3,0.8,2.6,1.8,37.7,4.0,0.0,9.1
81,Bam Adebayo,MIA,27,31,17,14,34.8,16.4,6.3,13.7,45.6,0.7,2.6,28.0,3.1,4.3,72.7,2.4,7.5,9.9,4.8,2.2,1.5,0.8,2.2,40.2,18.0,1.0,1.3
82,Desmond Bane,MEM,26,26,17,9,28.5,16.3,6.0,12.9,46.7,2.1,5.8,36.2,2.1,2.5,83.1,0.8,5.1,5.9,4.9,2.3,1.1,0.5,2.7,33.2,2.0,0.0,6.1
83,Dennis Schröder,GSW,31,30,11,19,32.3,16.3,5.6,13.3,42.4,2.2,6.1,35.3,2.8,3.2,87.6,0.2,2.5,2.7,6.0,2.5,1.0,0.2,2.5,29.4,4.0,0.0,-3.5
84,Malik Beasley,DET,28,33,15,18,28.0,16.2,5.7,13.3,42.7,3.8,9.2,41.3,1.1,1.5,72.0,0.6,2.5,3.1,1.8,1.1,0.8,0.1,1.3,24.1,1.0,0.0,0.8
85,Paul George,PHI,34,21,11,10,31.8,16.1,5.8,14.0,41.5,2.0,6.2,32.8,2.5,3.1,80.0,0.8,4.9,5.7,4.8,2.7,1.9,0.5,2.6,34.4,1.0,0.0,-1.0
86,Malik Monk,SAC,26,27,13,14,30.2,15.9,5.6,13.0,43.3,2.3,6.7,33.9,2.4,2.7,87.8,0.3,3.4,3.7,4.9,1.9,0.8,0.6,2.4,29.7,2.0,0.0,1.6
87,Keyonte George,UTA,21,27,5,22,31.7,15.8,5.3,13.5,39.5,2.7,7.6,35.0,2.5,3.1,79.8,0.4,2.8,3.3,5.7,3.3,0.7,0.2,1.7,27.9,1.0,0.0,-7.7
88,Dejounte Murray,NOP,28,17,2,15,33.9,15.8,5.9,16.1,36.6,1.4,5.3,25.6,2.6,3.2,83.3,0.4,6.1,6.5,7.5,4.1,2.4,0.5,2.4,39.4,4.0,0.0,-11.9
89,Payton Pritchard,BOS,26,33,24,9,28.6,15.7,5.4,11.4,47.1,3.7,8.7,42.5,1.2,1.5,85.4,1.5,2.4,3.9,3.4,1.1,1.0,0.1,1.7,27.6,3.0,0.0,6.3
90,Devin Vassell,SAS,24,18,9,9,27.6,15.3,5.7,12.8,44.8,2.1,5.7,36.9,1.8,2.2,82.1,0.7,2.3,3.1,2.8,1.4,1.1,0.4,1.9,26.3,0.0,0.0,-4.6
91,Jared McCain,PHI,20,23,7,16,25.7,15.3,5.5,11.9,46.0,2.2,5.8,38.3,2.1,2.4,87.5,0.6,1.9,2.4,2.6,1.6,0.7,0.0,1.6,22.5,1.0,0.0,-1.2
92,Ivica Zubac,LAC,27,33,19,14,32.4,15.1,6.8,11.1,61.0,0.0,0.0,0.0,1.5,2.9,51.6,4.0,8.5,12.5,2.5,1.8,0.7,1.1,2.0,37.3,22.0,0.0,3.2
93,Jakob Poeltl,TOR,29,29,8,21,31.9,15.0,6.4,10.8,59.2,0.0,0.1,0.0,2.2,3.2,68.1,3.9,7.0,10.9,2.7,2.1,1.2,1.3,3.5,37.4,14.0,0.0,-2.5
94,Fred VanVleet,HOU,30,31,20,11,35.3,15.0,5.3,14.0,37.5,2.5,7.9,32.0,2.0,2.5,80.5,0.8,3.8,4.6,6.0,1.5,1.6,0.5,2.4,34.4,3.0,0.0,6.0
95,Jerami Grant,POR,30,29,10,19,32.7,15.0,4.9,12.7,38.2,2.4,6.4,38.2,2.8,3.4,82.0,0.5,3.1,3.6,2.3,1.4,0.9,1.0,2.3,27.0,0.0,0.0,-8.4
96,Myles Turner,IND,28,32,15,17,31.3,14.9,5.4,11.2,48.7,1.9,4.9,39.2,2.1,2.9,72.3,1.4,5.8,7.2,1.6,2.3,0.8,2.0,2.9,31.9,6.0,0.0,-0.7
97,Deandre Ayton,POR,26,23,7,16,30.5,14.7,6.8,12.0,56.7,0.3,1.1,24.0,0.8,1.2,64.3,3.0,7.2,10.2,1.4,1.8,0.9,1.0,2.4,33.1,13.0,0.0,-8.1
98,Kyle Kuzma,WAS,29,14,2,12,26.6,14.6,5.9,13.8,42.5,1.1,4.4,26.2,1.7,2.6,64.9,0.6,4.6,5.3,2.2,2.2,0.5,0.2,2.0,24.2,1.0,0.0,-9.7
99,Josh Hart,NYK,29,33,23,10,37.3,14.5,5.5,9.5,57.3,1.4,3.5,38.8,2.2,2.7,80.9,1.8,7.0,8.8,5.7,2.0,1.5,0.4,2.5,37.1,14.0,4.0,6.6
100,Malcolm Brogdon,WAS,32,16,3,13,25.5,14.3,5.0,11.1,45.2,0.9,2.8,33.3,3.4,3.9,87.1,1.0,3.2,4.2,3.9,1.8,0.6,0.3,1.6,26.2,2.0,0.0,-7.7
101,Christian Braun,DEN,23,31,18,13,33.7,14.2,5.5,9.6,56.5,0.9,2.5,36.4,2.4,2.9,80.2,1.2,3.5,4.7,2.1,1.2,1.3,0.6,2.3,27.4,0.0,0.0,6.8
102,Klay Thompson,DAL,34,29,16,13,27.8,14.1,5.1,12.1,42.0,3.0,7.9,38.4,0.9,1.0,89.7,0.6,2.9,3.5,1.9,1.3,1.0,0.4,1.4,23.8,0.0,0.0,5.4
103,Dillon Brooks,HOU,28,30,20,10,32.2,14.1,5.1,11.9,42.7,2.4,6.1,38.6,1.6,1.8,87.3,1.3,2.7,4.0,1.5,1.1,0.7,0.3,3.3,23.1,0.0,0.0,6.2
104,Tre Mann,CHA,23,13,6,7,24.5,14.1,5.4,12.4,43.5,1.8,4.6,40.0,1.5,1.6,90.5,0.9,2.0,2.9,3.0,1.9,0.5,0.3,1.8,22.7,0.0,0.0,-4.2
105,Bobby Portis,MIL,29,30,16,14,25.4,14.1,5.8,12.4,47.2,1.3,3.6,36.7,1.1,1.4,78.0,1.9,6.2,8.1,2.2,1.2,0.8,0.6,1.7,29.9,6.0,0.0,-1.3
106,Jeremy Sochan,SAS,21,20,9,11,29.2,13.9,5.5,10.4,52.4,0.5,1.7,26.5,2.6,3.5,72.9,2.7,5.6,8.3,2.8,1.9,0.9,0.7,2.5,30.7,6.0,0.0,0.1
107,Khris Middleton,MIL,33,10,6,4,23.6,13.8,4.8,10.7,44.9,1.9,4.1,46.3,2.3,2.7,85.2,0.4,3.9,4.3,5.5,2.6,0.9,0.2,2.9,27.9,0.0,0.0,4.7
108,Aaron Gordon,DEN,29,17,10,7,28.7,13.7,4.8,9.1,52.3,1.3,2.9,44.0,2.9,3.8,75.4,1.9,3.9,5.8,3.1,1.4,0.5,0.2,1.8,25.8,2.0,0.0,5.5
109,Jarrett Allen,CLE,26,33,29,4,29.2,13.7,5.6,8.1,69.5,0.0,0.0,0.0,2.5,3.3,73.6,2.3,7.8,10.1,1.8,1.1,1.0,0.9,1.3,33.2,19.0,0.0,6.5
110,Deni Avdija,POR,23,32,11,21,26.8,13.4,4.3,9.7,45.0,1.4,4.0,35.9,3.3,4.2,78.9,1.3,4.5,5.8,3.2,2.3,0.9,0.7,2.2,27.6,2.0,0.0,-6.2
111,Santi Aldama,MEM,23,31,21,10,25.7,13.0,5.1,10.0,50.8,1.7,4.5,38.8,1.1,1.4,76.7,1.5,5.7,7.3,3.0,1.2,0.9,0.5,1.0,29.3,8.0,0.0,6.0
112,Dyson Daniels,ATL,21,30,16,14,33.5,12.9,5.4,12.1,44.6,1.2,3.9,31.6,0.9,1.4,60.5,1.6,3.4,5.1,3.6,1.9,3.1,0.9,2.5,34.4,1.0,0.0,-2.5
113,Tobias Harris,DET,32,31,14,17,31.6,12.9,4.8,11.0,43.9,1.4,4.2,32.6,1.8,2.2,83.8,1.0,5.4,6.4,2.4,1.1,0.7,0.9,2.0,27.8,2.0,0.0,-1.2
114,Moritz Wagner,ORL,27,30,18,12,18.8,12.9,4.7,8.3,56.2,0.9,2.5,36.0,2.6,3.7,71.8,1.3,3.6,4.9,1.4,1.6,0.8,0.4,1.8,22.9,1.0,0.0,-0.6
115,Bilal Coulibaly,WAS,20,29,6,23,33.8,12.8,4.6,10.8,42.6,1.1,3.8,29.7,2.5,3.2,78.5,1.3,4.1,5.5,3.6,2.0,1.4,0.8,2.4,29.4,1.0,0.0,-10.9
116,Kelly Oubre Jr.,PHI,29,30,13,17,32.4,12.8,4.9,10.8,45.5,1.2,4.3,28.7,1.7,2.4,72.2,1.6,4.1,5.7,1.5,1.3,1.4,0.5,2.8,26.4,3.0,0.0,-2.7
117,Isaiah Hartenstein,OKC,26,17,16,1,30.1,12.7,5.4,9.3,57.6,0.0,0.4,0.0,2.0,2.9,68.0,2.9,9.5,12.4,3.8,1.8,0.8,1.2,3.0,37.7,13.0,0.0,7.4
118,D'Angelo Russell,BKN,28,30,16,14,26.3,12.7,4.6,10.8,42.6,1.9,5.8,33.3,1.6,1.8,85.5,0.3,2.5,2.7,4.8,1.8,0.8,0.2,1.9,24.4,1.0,0.0,1.6
119,Tyus Jones,PHX,28,32,15,17,31.3,12.6,4.8,9.7,49.2,2.3,5.3,43.5,0.8,0.9,85.7,0.6,2.1,2.6,6.3,1.3,1.0,0.2,1.1,27.4,4.0,0.0,-2.8
120,Ayo Dosunmu,CHI,24,30,13,17,30.8,12.6,4.9,10.0,49.0,1.3,4.2,32.0,1.4,1.8,79.6,0.6,3.3,3.9,4.8,1.3,0.8,0.5,2.3,27.0,1.0,1.0,-4.6
121,Buddy Hield,GSW,32,32,16,16,22.8,12.6,4.5,10.5,42.9,2.8,7.2,39.3,0.8,0.8,92.3,0.6,2.8,3.4,1.2,1.3,0.8,0.3,1.8,20.5,0.0,0.0,1.0
122,P.J. Washington,DAL,26,27,19,8,32.0,12.5,4.5,10.2,44.4,1.6,4.0,39.4,1.9,2.5,75.0,1.4,6.0,7.4,2.1,1.7,1.2,1.1,2.1,29.7,7.0,0.0,5.2
123,Naz Reid,MIN,25,32,17,15,24.7,12.4,4.7,10.1,46.0,1.7,4.9,34.2,1.4,1.7,81.8,0.7,4.3,5.0,1.7,1.3,0.7,0.8,2.5,24.2,1.0,0.0,1.5
124,Brook Lopez,MIL,36,31,17,14,32.4,12.4,4.7,9.7,49.0,1.9,5.1,37.1,1.0,1.3,75.6,1.2,3.7,4.9,1.6,1.1,0.9,1.9,2.2,28.1,1.0,0.0,0.8
125,Jrue Holiday,BOS,34,27,20,7,30.4,12.3,4.5,9.9,45.3,1.9,5.4,34.2,1.5,1.7,88.9,1.1,3.1,4.2,3.7,1.4,1.0,0.4,1.4,25.5,0.0,0.0,5.4
125,Rui Hachimura,LAL,26,27,15,12,33.4,12.3,4.5,9.5,47.7,1.6,3.6,43.8,1.7,2.1,82.1,1.7,3.7,5.4,1.5,1.0,1.0,0.7,2.0,24.9,1.0,0.0,0.1
127,Russell Westbrook,DEN,36,32,19,13,26.4,12.2,4.5,9.9,45.4,1.1,3.5,31.5,2.1,3.3,64.2,1.1,3.4,4.5,6.6,2.7,1.7,0.5,2.6,31.5,6.0,2.0,-0.4
128,Keldon Johnson,SAS,25,30,15,15,24.5,12.1,4.6,10.0,45.5,1.0,3.7,26.8,2.0,2.6,75.9,1.1,4.0,5.1,1.6,0.8,0.7,0.2,1.5,22.6,1.0,0.0,-2.9
129,Josh Giddey,CHI,22,30,14,16,27.3,12.1,4.6,10.3,44.7,1.2,3.9,30.8,1.7,2.3,72.9,1.4,5.4,6.9,6.8,2.7,1.0,0.5,1.4,32.2,6.0,2.0,-2.2
130,Julian Champagnie,SAS,23,33,17,16,28.0,12.1,4.2,9.7,42.9,2.6,7.1,36.9,1.2,1.3,90.5,0.7,4.0,4.7,1.4,1.1,0.8,0.6,1.6,23.0,0.0,0.0,2.2
131,Terry Rozier,MIA,30,27,13,14,28.7,12.0,4.3,10.8,39.7,1.7,5.3,32.2,1.7,2.0,88.7,0.7,3.3,4.0,2.7,1.5,0.7,0.4,1.4,22.8,0.0,0.0,-0.2
132,Mark Williams,CHA,23,10,0,10,18.3,12.0,5.0,7.6,65.8,0.0,0.0,0.0,2.0,2.6,76.9,2.2,5.0,7.2,2.1,0.6,0.6,1.0,2.0,28.0,2.0,0.0,-5.7
133,Amen Thompson,HOU,21,32,21,11,27.8,11.9,4.6,8.3,55.6,0.3,1.3,26.2,2.3,3.4,69.4,2.5,4.6,7.1,2.2,1.8,1.1,1.1,2.3,28.5,7.0,0.0,3.6
134,Jonas Valančiūnas,WAS,32,31,6,25,20.0,11.9,4.9,8.8,55.7,0.1,0.6,15.8,2.0,2.2,91.3,2.3,5.7,8.0,2.4,1.8,0.5,0.8,1.7,27.3,9.0,0.0,-6.0
135,Jabari Smith Jr.,HOU,21,33,22,11,30.9,11.9,4.1,9.5,43.5,1.7,4.8,35.4,2.0,2.3,86.7,1.8,4.7,6.5,1.0,0.9,0.4,1.0,2.3,24.3,5.0,0.0,3.3
136,Daniel Gafford,DAL,26,33,19,14,20.6,11.8,4.9,6.8,71.6,0.0,0.0,0.0,2.1,3.1,68.3,2.4,3.7,6.1,1.2,1.1,0.5,1.4,2.6,25.5,2.0,0.0,-0.5
137,Keegan Murray,SAC,24,32,14,18,35.5,11.6,4.5,10.9,41.3,1.6,5.5,28.6,1.1,1.2,87.2,2.2,5.2,7.4,1.4,1.0,0.7,0.8,2.9,26.1,9.0,0.0,1.2
138,Alexandre Sarr,WAS,19,28,5,23,27.2,11.6,4.4,10.8,40.7,1.5,4.6,32.0,1.4,2.2,62.3,1.9,4.4,6.3,2.2,1.5,0.7,1.8,2.7,28.2,3.0,0.0,-9.0
139,Caris LeVert,CLE,30,27,25,2,23.8,11.6,4.0,8.0,50.7,1.8,3.9,47.1,1.7,2.5,68.7,0.5,2.2,2.7,3.8,1.3,1.0,0.5,1.3,23.5,0.0,0.0,10.2
140,Brandon Boston,NOP,23,31,3,28,25.2,11.6,4.3,9.6,44.8,1.2,3.5,34.5,1.7,2.1,81.5,0.6,2.7,3.4,2.7,1.4,1.5,0.2,1.8,23.3,0.0,0.0,-2.8
141,Jordan Hawkins,NOP,22,18,3,15,24.5,11.6,3.8,10.6,35.8,1.9,5.9,32.7,2.1,2.3,88.1,0.4,2.6,3.0,1.1,0.9,0.4,0.6,0.8,19.0,0.0,0.0,-7.3
142,Corey Kispert,WAS,25,26,5,21,27.0,11.4,4.2,9.6,43.8,2.0,5.8,34.2,1.0,1.2,84.4,0.5,2.7,3.2,1.6,1.1,0.5,0.2,1.6,18.7,0.0,0.0,-5.3
143,Onyeka Okongwu,ATL,24,27,14,13,23.6,11.4,4.4,8.0,55.3,0.4,1.7,24.4,2.1,2.7,76.7,2.4,4.1,6.6,1.4,0.8,0.7,0.7,2.2,24.8,5.0,0.0,-1.7
144,Duncan Robinson,MIA,30,29,15,14,23.6,11.3,4.1,9.7,42.1,2.6,6.7,37.9,0.7,0.8,86.4,0.3,2.1,2.4,2.5,0.9,0.6,0.1,2.2,19.1,0.0,0.0,2.2
145,Bogdan Bogdanović,ATL,32,14,8,6,25.5,11.3,3.9,9.5,40.6,2.1,6.4,33.7,1.4,1.5,95.2,0.6,2.5,3.1,2.2,1.8,0.9,0.3,2.6,20.0,0.0,0.0,-0.3
146,Scoot Henderson,POR,20,25,9,16,25.8,11.3,4.0,10.0,39.8,1.1,3.6,30.3,2.2,2.9,75.3,0.6,2.1,2.8,5.1,2.6,1.2,0.2,2.7,23.8,1.0,0.0,-5.0
147,Jaylen Wells,MEM,21,34,23,11,25.0,11.3,4.1,9.2,44.1,1.8,4.9,36.7,1.4,1.7,80.7,1.0,2.2,3.2,1.7,1.2,0.5,0.1,1.9,18.4,0.0,0.0,3.7
148,Tari Eason,HOU,23,24,16,8,22.8,11.3,4.4,9.2,47.5,1.0,3.0,31.5,1.5,2.0,75.5,2.1,4.2,6.3,1.0,0.8,1.9,1.0,2.5,28.3,2.0,0.0,3.8
148,Zach Edey,MEM,22,20,12,8,21.9,11.3,4.7,7.7,60.4,0.5,1.1,42.9,1.5,2.4,63.8,3.7,4.3,8.0,1.1,1.6,0.8,1.2,2.9,26.7,4.0,0.0,6.3
150,Ochai Agbaji,TOR,24,34,8,26,30.1,11.1,4.4,8.8,50.3,1.6,4.0,40.9,0.6,0.8,67.9,0.9,3.0,3.9,1.9,0.9,0.9,0.5,2.4,21.8,0.0,0.0,-4.6
151,Stephon Castle,SAS,20,32,16,16,25.1,11.0,3.9,10.0,38.9,1.0,3.7,26.1,2.3,3.2,71.6,0.6,1.9,2.5,3.6,1.9,0.8,0.3,1.7,21.1,0.0,0.0,-1.2
152,Andrew Nembhard,IND,24,19,11,8,26.9,10.9,4.1,8.7,46.4,0.8,2.4,34.8,1.9,2.2,88.1,0.4,2.6,3.0,4.8,1.8,0.7,0.2,1.9,22.5,0.0,0.0,4.2
153,Naji Marshall,DAL,26,26,15,11,23.2,10.9,4.3,8.2,52.8,0.8,2.4,31.7,1.4,1.6,88.1,0.9,2.3,3.3,2.2,1.3,0.8,0.1,1.4,19.5,0.0,0.0,1.8
154,T.J. McConnell,IND,32,33,16,17,19.6,10.9,4.9,9.0,55.1,0.2,0.7,29.2,0.8,1.1,70.3,0.6,2.0,2.6,4.3,1.6,1.2,0.3,1.0,23.2,1.0,0.0,-2.6
155,Herbert Jones,NOP,26,16,3,13,33.0,10.9,4.0,9.1,43.8,1.1,3.7,28.8,1.8,2.3,80.6,1.4,2.8,4.2,3.3,1.9,1.9,0.4,3.4,26.0,0.0,0.0,-2.2
156,Justin Champagnie,WAS,23,14,4,10,25.5,10.9,4.4,7.9,55.5,1.4,3.6,39.2,0.7,1.1,66.7,2.2,4.4,6.6,1.1,1.1,1.2,0.9,2.5,25.5,2.0,0.0,-5.4
157,Zaccharie Risacher,ATL,19,34,18,16,23.9,10.9,4.0,10.0,40.3,1.2,4.4,28.4,1.6,2.2,69.7,1.3,2.1,3.4,1.2,1.2,0.8,0.6,2.1,19.8,0.0,0.0,-2.3
158,Jose Alvarado,NOP,26,11,3,8,25.6,10.7,3.6,9.2,39.6,2.2,5.5,40.0,1.3,1.5,82.4,0.5,1.6,2.2,4.5,1.3,1.5,0.3,2.4,24.2,0.0,0.0,-6.9
159,Harrison Barnes,SAS,32,33,17,16,27.6,10.7,3.5,7.4,48.1,1.5,3.4,42.5,2.2,2.7,79.8,1.5,2.3,3.8,1.5,0.7,0.3,0.2,0.8,18.2,1.0,0.0,1.2
160,Scotty Pippen Jr.,MEM,24,34,23,11,22.5,10.6,4.0,8.6,46.9,1.1,3.1,35.6,1.4,2.1,68.1,0.7,2.7,3.4,5.0,2.1,1.1,0.4,2.5,24.5,6.0,1.0,1.1
161,Royce O'Neale,PHX,31,31,15,16,26.3,10.5,3.7,8.3,44.7,2.5,5.7,44.1,0.5,0.7,76.2,1.0,4.6,5.6,2.4,1.0,1.0,0.6,2.3,24.4,0.0,0.0,-0.6
162,Rudy Gobert,MIN,32,32,17,15,33.7,10.4,4.0,6.3,63.2,0.0,0.0,0.0,2.5,3.5,71.4,3.4,7.2,10.6,1.7,1.5,0.7,1.4,2.6,30.6,14.0,0.0,1.2
163,Grayson Allen,PHX,29,23,13,10,23.9,10.4,3.2,8.0,40.4,2.2,5.8,37.6,1.8,2.2,84.0,0.7,2.5,3.2,1.8,1.0,0.9,0.3,1.5,19.5,1.0,0.0,0.6
164,Grant Williams,CHA,26,16,6,10,29.9,10.4,3.4,7.7,43.9,1.7,4.6,36.5,1.9,2.3,83.8,1.1,4.0,5.1,2.3,1.8,1.1,0.8,2.9,24.1,0.0,0.0,0.6
165,De'Anthony Melton,BKN,26,6,4,2,20.2,10.3,3.7,9.0,40.7,2.2,5.8,37.1,0.8,1.3,62.5,1.0,2.3,3.3,2.8,1.7,1.2,0.3,3.0,21.4,1.0,0.0,4.5
166,Obi Toppin,IND,26,31,14,17,19.7,10.3,4.0,7.3,55.1,1.2,3.5,35.5,1.1,1.3,82.5,0.7,3.3,4.0,1.7,0.6,0.8,0.4,1.5,20.5,0.0,0.0,-2.2
167,Walker Kessler,UTA,23,26,6,20,29.8,10.2,4.4,6.3,70.6,0.1,0.2,50.0,1.3,2.5,52.3,3.9,7.0,10.9,1.8,1.5,0.5,2.7,2.3,34.1,12.0,0.0,-6.7
168,Patrick Williams,CHI,23,24,11,13,27.0,10.2,3.5,8.9,39.9,1.9,4.9,38.1,1.2,1.4,87.9,0.8,3.5,4.3,2.2,1.5,0.9,0.5,1.3,21.4,1.0,0.0,-5.0
169,Ty Jerome,CLE,27,32,28,4,17.5,10.1,3.7,7.4,49.6,1.4,3.3,41.5,1.3,1.5,89.6,0.6,1.5,2.2,3.4,1.1,1.2,0.0,1.5,20.3,0.0,0.0,3.4
170,Tim Hardaway Jr.,DET,32,30,13,17,27.4,10.1,3.3,8.0,41.7,1.9,5.3,35.2,1.5,1.8,86.8,0.2,1.8,2.0,1.6,0.7,0.3,0.0,1.3,15.2,0.0,0.0,-3.7
171,Amir Coffey,LAC,27,32,19,13,24.5,10.0,3.5,7.2,48.9,1.6,3.7,42.9,1.4,1.6,84.6,0.5,2.1,2.6,1.1,0.7,0.5,0.1,1.6,16.1,0.0,0.0,0.1
172,Dalton Knecht,LAL,23,32,18,14,22.7,10.0,3.7,8.0,46.7,1.7,4.8,35.5,0.9,1.1,77.8,0.7,2.8,3.5,1.1,0.5,0.4,0.1,1.3,16.7,0.0,0.0,-1.1
172,Dorian Finney-Smith,LAL,31,21,7,14,28.6,10.0,3.5,7.8,45.4,2.2,5.2,42.7,0.7,1.1,62.5,1.6,2.9,4.4,1.6,0.9,0.9,0.6,2.7,21.1,0.0,0.0,2.3
174,Donte DiVincenzo,MIN,27,32,17,15,25.4,9.9,3.4,8.8,38.6,2.3,6.6,35.4,0.8,1.0,81.8,0.4,3.0,3.4,3.4,1.6,1.2,0.2,1.5,21.6,0.0,0.0,0.7
175,Chris Boucher,TOR,31,31,8,23,17.5,9.9,3.5,7.6,46.0,1.2,3.8,30.8,1.7,2.2,79.4,1.3,2.9,4.2,0.7,0.7,0.6,0.6,1.4,19.0,1.0,0.0,-2.6
176,Derrick Jones Jr.,LAC,27,31,18,13,24.7,9.9,3.9,7.8,49.8,1.1,2.9,37.4,1.0,1.2,86.1,1.2,2.1,3.3,0.9,1.0,1.3,0.4,2.0,19.2,0.0,0.0,0.3
177,Goga Bitadze,ORL,25,30,19,11,24.7,9.9,4.2,6.5,64.4,0.0,0.5,7.1,1.5,2.1,72.6,3.0,5.3,8.3,2.2,1.5,0.9,1.6,2.5,29.1,13.0,0.0,2.7
178,Miles McBride,NYK,24,28,19,9,24.5,9.8,3.4,8.1,42.5,1.9,4.7,40.2,1.0,1.3,80.0,0.8,1.9,2.6,3.0,0.9,0.9,0.2,1.6,19.9,0.0,0.0,4.9
179,Guerschon Yabusele,PHI,29,31,13,18,23.9,9.7,3.5,7.1,50.2,1.5,3.8,39.3,1.2,1.8,65.5,1.6,3.5,5.1,1.8,1.3,0.7,0.4,2.5,20.7,1.0,0.0,-0.3
179,Luguentz Dort,OKC,25,31,26,5,29.5,9.7,3.3,8.3,39.9,2.2,5.6,39.3,0.9,1.1,80.0,1.5,3.1,4.6,1.6,0.5,1.1,0.7,3.1,22.8,0.0,0.0,7.0
181,Nic Claxton,BKN,25,27,8,19,25.8,9.7,4.2,7.4,56.7,0.0,0.3,11.1,1.2,2.3,51.6,1.9,5.6,7.5,2.0,1.3,0.9,1.1,2.1,26.4,6.0,0.0,-4.5
182,Jaden McDaniels,MIN,24,32,17,15,29.7,9.6,3.9,9.0,43.2,1.1,3.7,30.3,0.7,1.0,69.7,1.4,3.2,4.6,1.6,1.1,1.3,0.8,3.0,22.7,2.0,0.0,-1.5
183,Kevin Porter Jr.,LAC,24,29,16,13,19.9,9.6,3.9,9.5,40.9,0.7,2.6,25.0,1.1,1.8,64.7,0.7,2.9,3.6,3.1,2.2,1.0,0.2,1.8,19.9,0.0,0.0,-1.3
184,Jalen Duren,DET,21,30,14,16,24.9,9.6,3.9,5.6,70.2,0.0,0.0,0.0,1.7,2.8,60.7,3.0,6.2,9.2,2.3,1.9,0.5,1.1,3.2,27.0,11.0,0.0,-3.8
185,Quentin Grimes,DAL,24,32,19,13,21.9,9.6,3.3,7.1,46.7,1.7,4.0,41.4,1.3,1.8,73.2,0.8,3.3,4.0,1.7,1.2,0.6,0.3,1.6,18.5,0.0,0.0,1.9
186,Gary Trent Jr.,MIL,25,29,17,12,25.0,9.6,3.3,7.9,42.4,2.1,5.0,41.1,0.8,0.9,88.5,0.2,2.0,2.2,0.9,0.7,1.0,0.0,2.0,16.1,0.0,0.0,-0.5
187,Larry Nance Jr.,ATL,32,15,6,9,19.4,9.5,3.7,6.3,58.5,1.7,3.3,52.0,0.5,0.5,87.5,1.1,3.2,4.3,1.6,0.7,1.1,0.7,1.5,21.7,2.0,0.0,-4.4
188,Dalano Banton,POR,25,25,7,18,16.5,9.5,3.4,8.1,42.1,1.2,3.5,35.6,1.5,2.2,66.1,0.4,1.9,2.2,2.6,1.7,0.9,0.5,1.1,18.6,0.0,0.0,1.3
189,Clint Capela,ATL,30,34,18,16,22.9,9.5,4.2,7.3,57.8,0.0,0.0,0.0,1.0,1.9,52.3,3.4,5.7,9.1,1.3,0.9,0.6,0.9,1.9,26.2,7.0,0.0,0.9
190,Chris Paul,SAS,39,33,17,16,28.8,9.4,3.1,7.4,42.0,1.7,4.8,35.7,1.5,1.5,98.0,0.5,3.8,4.3,8.3,1.8,1.5,0.2,1.8,30.3,9.0,0.0,4.3
191,Nickeil Alexander-Walker,MIN,26,32,17,15,23.3,9.3,3.4,6.8,50.2,1.7,3.9,44.4,0.8,1.1,76.5,0.5,2.3,2.8,2.5,1.5,0.8,0.3,1.7,18.3,1.0,0.0,3.3
192,Yves Missi,NOP,20,33,5,28,27.0,9.3,3.7,6.7,55.7,0.0,0.0,0.0,1.9,2.9,64.6,3.8,4.6,8.4,1.4,1.2,0.6,1.4,2.3,26.5,7.0,0.0,-7.3
193,Jay Huff,MEM,27,30,20,10,15.3,9.3,3.3,6.3,51.9,1.7,4.0,41.3,1.1,1.4,76.7,0.6,2.1,2.7,0.8,0.7,0.3,1.1,1.7,17.1,0.0,0.0,-0.2
194,Nick Richards,CHA,27,17,3,14,21.9,9.3,3.2,5.6,56.8,0.0,0.1,0.0,2.9,4.5,65.8,2.3,5.5,7.8,1.2,1.7,0.4,1.2,2.7,23.6,4.0,0.0,-5.2
195,Spencer Dinwiddie,DAL,31,32,19,13,22.7,9.3,2.7,7.1,38.3,1.3,3.8,34.1,2.5,2.9,87.1,0.2,1.9,2.1,3.3,0.9,0.8,0.3,1.4,19.1,0.0,0.0,1.1
196,Caleb Martin,PHI,29,26,10,16,30.3,9.3,3.3,7.6,42.9,1.1,2.9,38.2,1.6,2.5,64.6,1.5,3.0,4.5,2.1,1.5,1.0,0.5,2.0,21.0,1.0,0.0,-4.8
197,Aaron Nesmith,IND,25,6,2,4,22.7,9.2,3.2,6.0,52.8,1.0,1.8,54.5,1.8,2.2,84.6,0.7,3.3,4.0,1.0,0.8,0.7,0.3,4.0,17.6,0.0,0.0,-1.5
197,Marcus Smart,MEM,30,18,11,7,21.2,9.2,2.9,7.9,37.3,1.6,4.8,33.3,1.7,2.0,83.3,0.8,1.6,2.3,3.8,1.9,1.3,0.3,1.7,20.7,0.0,0.0,4.6
199,Jalen Wilson,BKN,24,32,11,21,26.5,9.2,3.0,7.8,39.1,1.4,4.3,33.3,1.7,1.9,85.5,0.9,2.3,3.3,1.8,1.0,0.5,0.0,2.3,16.4,0.0,0.0,-2.6
200,Kevin Huerter,SAC,26,30,14,16,24.8,9.1,3.5,8.3,41.9,1.7,5.5,30.3,0.5,0.8,69.6,0.5,3.0,3.5,1.9,1.0,1.0,0.5,2.2,19.6,0.0,0.0,-0.1
201,Julian Strawther,DEN,22,32,19,13,20.8,9.1,3.2,7.0,45.8,1.3,3.6,36.0,1.3,1.6,84.3,0.3,1.9,2.2,1.3,0.8,0.7,0.4,2.4,16.1,0.0,0.0,-3.6
202,Kentavious Caldwell-Pope,ORL,31,34,19,15,31.0,9.1,3.1,7.6,40.7,1.5,4.9,30.3,1.4,1.5,92.3,0.3,1.7,2.0,2.0,0.8,1.6,0.6,2.1,20.6,0.0,0.0,2.8
203,Carlton Carrington,WAS,19,31,6,25,29.8,9.0,3.4,8.3,40.7,1.5,4.4,35.3,0.7,0.9,81.5,0.3,4.0,4.3,3.9,1.8,0.8,0.3,2.9,21.5,2.0,0.0,-10.5
204,Bruce Brown,TOR,28,2,0,2,19.3,9.0,4.0,9.5,42.1,0.5,2.0,25.0,0.5,1.0,50.0,1.0,1.5,2.5,1.0,0.5,1.0,0.0,2.0,16.0,0.0,0.0,-14.0
204,Cam Whitmore,HOU,20,15,10,5,13.2,9.0,3.5,7.5,46.0,0.9,3.2,27.1,1.2,1.7,72.0,0.7,1.8,2.5,0.5,0.7,0.4,0.1,0.9,13.7,0.0,0.0,1.4
204,Trentyn Flowers,LAC,19,1,0,1,14.4,9.0,4.0,9.0,44.4,0.0,2.0,0.0,1.0,1.0,100,1.0,3.0,4.0,0.0,1.0,0.0,0.0,3.0,12.8,0.0,0.0,11.0
207,Garrison Mathews,ATL,28,25,12,13,18.9,8.9,2.6,5.7,45.1,2.2,4.8,45.4,1.6,2.0,82.0,0.2,1.2,1.4,1.6,0.6,0.7,0.3,1.8,15.3,0.0,0.0,-2.4
208,Aaron Wiggins,OKC,26,32,27,5,19.8,8.9,3.4,7.6,45.1,1.4,3.6,37.9,0.6,0.8,83.3,0.8,2.3,3.2,1.3,0.8,0.9,0.3,1.2,17.3,0.0,0.0,5.1
208,Peyton Watson,DEN,22,32,19,13,24.0,8.9,3.3,6.6,49.1,0.8,2.2,34.8,1.6,2.1,78.8,0.9,2.3,3.2,1.4,0.8,0.8,0.9,2.0,19.3,0.0,0.0,-0.6
210,Toumani Camara,POR,24,31,10,21,30.6,8.8,3.3,7.8,42.0,1.4,4.2,34.1,0.8,1.1,74.3,2.3,3.5,5.7,1.9,1.5,1.4,0.5,2.9,22.5,1.0,0.0,-6.7
211,Jusuf Nurkić,PHX,30,23,12,11,24.3,8.8,3.0,6.7,45.2,0.7,2.4,30.4,2.0,2.8,69.2,1.9,7.6,9.5,1.9,2.3,1.0,0.7,3.0,25.5,8.0,0.0,-2.3
212,Al Horford,BOS,38,26,18,8,27.6,8.8,3.2,7.6,41.9,2.0,5.5,36.4,0.4,0.5,83.3,0.8,4.5,5.3,2.3,0.9,0.7,0.8,1.7,22.3,1.0,0.0,6.8
213,Jaime Jaquez Jr.,MIA,23,27,16,11,21.6,8.7,3.2,7.6,42.2,0.6,2.1,26.8,1.7,2.4,72.3,1.3,3.3,4.6,2.2,1.4,1.1,0.1,1.6,19.9,1.0,0.0,-2.8
214,Noah Clowney,BKN,20,24,8,16,20.4,8.7,2.9,7.0,41.4,1.9,5.0,38.7,1.0,1.2,79.3,0.9,2.7,3.6,0.7,0.8,0.3,0.5,2.7,15.8,0.0,0.0,-5.0
215,Trayce Jackson-Davis,GSW,24,31,15,16,18.7,8.7,3.8,6.2,60.6,0.0,0.0,0.0,1.1,1.7,64.8,2.1,3.7,5.9,2.1,0.8,0.4,0.9,1.3,21.8,3.0,0.0,-1.4
216,Dereck Lively II,DAL,20,26,17,9,24.0,8.7,3.6,5.2,70.1,0.0,0.0,0.0,1.4,2.3,61.7,3.0,4.7,7.7,2.6,1.2,0.7,1.7,2.9,27.6,5.0,0.0,5.6
217,Ziaire Williams,BKN,23,21,9,12,21.8,8.6,3.0,7.6,40.3,0.9,3.1,27.3,1.7,2.1,79.5,1.0,3.3,4.4,1.1,0.9,1.0,0.3,2.7,18.5,1.0,0.0,-3.2
218,Nikola Jović,MIA,21,22,12,10,20.7,8.6,2.8,6.2,44.9,1.3,3.3,38.9,1.8,2.2,81.3,0.5,3.2,3.7,1.9,0.8,0.8,0.1,1.5,17.8,0.0,0.0,1.8
219,Tristan da Silva,ORL,23,31,18,13,25.2,8.5,3.2,7.7,42.0,1.3,3.7,33.6,0.8,1.0,78.1,1.0,2.6,3.7,1.7,1.0,0.4,0.2,1.6,16.3,0.0,0.0,0.2
220,Anthony Black,ORL,20,33,19,14,24.0,8.5,3.0,7.2,41.2,0.6,2.4,26.6,1.9,2.6,75.3,0.6,2.1,2.7,3.5,2.2,0.9,0.7,2.3,19.6,0.0,0.0,-0.1
221,Draymond Green,GSW,34,28,14,14,28.5,8.5,2.9,7.0,41.1,1.4,3.8,37.7,1.3,2.1,60.0,1.1,5.3,6.3,5.6,2.5,1.1,1.1,3.2,28.6,2.0,0.0,2.4
222,Ja'Kobe Walter,TOR,20,19,5,14,20.2,8.5,3.1,7.9,39.3,1.1,3.7,28.2,1.2,1.7,69.7,0.9,1.8,2.8,1.6,0.9,0.5,0.3,2.2,15.8,1.0,0.0,-4.3
223,Cody Martin,CHA,29,30,7,23,26.0,8.5,3.2,7.4,43.9,1.1,3.6,31.2,0.9,1.2,70.3,1.1,3.6,4.7,2.3,1.1,1.2,0.7,2.0,21.9,0.0,0.0,-2.3
224,Georges Niang,CLE,31,33,29,4,20.6,8.5,3.2,6.8,47.1,1.7,4.4,37.9,0.4,0.5,75.0,0.7,3.2,4.0,1.5,0.9,0.4,0.2,2.3,16.1,0.0,0.0,6.5
225,Jaylen Nowell,NOP,25,8,1,7,21.0,8.4,3.3,9.1,35.6,1.0,3.4,29.6,0.9,1.4,63.6,0.8,1.8,2.5,2.3,1.0,0.1,0.5,1.1,15.6,0.0,0.0,-5.3
226,Mike Conley,MIN,37,28,17,11,25.3,8.4,2.6,7.4,35.3,1.9,5.2,36.6,1.3,1.4,92.1,0.5,2.2,2.7,4.4,1.2,1.5,0.2,1.6,22.1,1.0,0.0,1.1
227,Trendon Watford,BKN,24,13,5,8,16.0,8.3,2.7,6.1,44.3,0.6,2.0,30.8,2.3,2.7,85.7,0.3,2.5,2.8,1.2,1.2,0.4,0.3,2.3,14.2,0.0,0.0,-4.0
228,Luke Kennard,MEM,28,22,15,7,20.6,8.3,2.6,6.0,44.3,2.0,4.4,44.8,1.0,1.2,85.2,0.5,2.1,2.6,3.0,0.9,0.6,0.1,0.8,17.1,0.0,0.0,4.2
229,Isaiah Joe,OKC,25,30,26,4,20.4,8.2,2.9,7.4,39.0,2.0,5.8,34.9,0.4,0.6,70.6,0.5,2.1,2.6,1.4,0.5,0.7,0.2,1.5,15.8,0.0,0.0,7.0
230,Jake LaRavia,MEM,23,33,22,11,22.1,8.2,2.9,5.9,49.0,1.0,2.2,44.4,1.5,2.1,70.6,1.5,3.0,4.5,3.2,1.7,0.9,0.5,2.2,21.0,1.0,0.0,4.5
231,Bones Hyland,LAC,24,13,5,8,11.8,8.1,2.5,6.4,38.6,1.8,4.5,41.4,1.3,1.5,85.0,0.2,0.8,1.1,1.2,1.2,0.8,0.3,1.2,13.4,0.0,0.0,-4.3
232,Brandin Podziemski,GSW,21,30,15,15,24.2,8.0,3.1,7.7,40.4,1.0,3.5,29.5,0.7,1.0,73.3,1.0,3.5,4.5,3.2,1.0,1.0,0.2,1.5,20.8,0.0,0.0,1.1
233,Sam Hauser,BOS,27,26,18,8,21.5,7.9,2.9,6.7,43.4,2.1,5.6,37.2,0.1,0.1,100,0.8,2.4,3.2,1.2,0.3,0.8,0.2,1.2,16.1,0.0,0.0,5.7
234,Moses Moody,GSW,22,26,14,12,15.9,7.8,2.7,6.2,43.5,1.3,3.7,36.8,1.1,1.5,74.4,0.4,1.4,1.8,0.8,0.8,0.4,0.2,1.2,12.5,0.0,0.0,-0.2
235,Jalen Smith,CHI,24,30,13,17,15.4,7.8,2.8,6.1,46.2,1.1,3.3,33.7,1.1,1.4,79.1,1.3,4.1,5.4,0.7,0.6,0.4,0.7,1.6,18.1,1.0,0.0,-0.8
236,Brice Sensabaugh,UTA,21,26,4,22,16.8,7.8,2.8,6.2,45.0,1.5,3.8,38.0,0.8,0.9,91.3,0.6,2.0,2.6,1.3,1.4,0.6,0.1,1.2,13.6,0.0,0.0,-6.5
237,Vasilije Micić,CHA,30,21,2,19,22.0,7.8,2.8,8.2,34.3,1.4,3.9,35.8,0.8,1.0,80.0,0.7,1.8,2.5,3.8,2.1,0.6,0.0,1.2,16.2,1.0,0.0,-4.6
238,AJ Green,MIL,25,30,17,13,21.6,7.7,2.6,5.8,45.1,2.3,5.1,44.2,0.3,0.3,88.9,0.2,2.1,2.3,1.3,0.6,0.5,0.1,2.0,13.7,0.0,0.0,2.3
239,Svi Mykhailiuk,UTA,27,10,2,8,16.7,7.7,2.7,6.7,40.3,1.9,5.1,37.3,0.4,0.6,66.7,0.1,1.4,1.5,1.3,1.4,0.8,0.2,1.0,13.1,0.0,0.0,0.4
240,Wendell Carter Jr.,ORL,25,22,11,11,25.1,7.7,2.8,6.0,46.6,0.3,2.0,15.9,1.8,2.6,70.2,1.6,5.5,7.2,2.1,0.8,0.7,0.6,2.5,22.8,2.0,0.0,2.5
241,Keon Johnson,BKN,22,31,12,19,19.8,7.5,2.8,7.8,36.0,1.3,4.7,28.3,0.6,0.8,75.0,0.6,2.5,3.1,1.2,1.1,0.7,0.3,2.5,14.9,0.0,0.0,-3.8
241,Taurean Prince,MIL,30,31,17,14,26.0,7.5,2.7,6.0,44.9,1.7,3.7,45.6,0.4,0.6,72.2,0.6,3.4,4.0,1.7,1.2,0.9,0.2,2.0,16.7,1.0,0.0,-1.5
243,DaQuan Jeffries,CHA,27,8,1,7,19.0,7.5,3.0,5.6,53.3,1.1,2.5,45.0,0.4,0.5,75.0,0.8,2.1,2.9,0.6,0.8,0.6,0.6,1.8,14.9,0.0,0.0,-5.0
244,Josh Green,CHA,24,30,6,24,28.7,7.5,2.7,6.3,42.1,1.5,3.6,42.1,0.6,1.1,59.4,1.1,1.6,2.7,1.5,1.0,0.9,0.4,3.1,15.8,0.0,0.0,-4.9
245,Ausar Thompson,DET,21,13,7,6,18.0,7.5,3.2,6.8,47.2,0.3,1.4,22.2,0.7,1.5,45.0,1.4,2.8,4.2,1.8,1.6,1.2,0.3,2.8,18.2,0.0,0.0,-1.6
246,Shake Milton,LAL,28,28,10,18,17.9,7.3,2.7,5.8,46.6,1.1,2.7,39.5,0.9,1.2,75.8,0.6,1.3,1.9,2.3,0.7,0.5,0.0,1.6,14.0,1.0,0.0,-2.7
247,Kyshawn George,WAS,21,26,5,21,25.7,7.3,2.6,7.6,33.8,1.3,5.0,25.2,0.9,1.2,71.9,0.7,3.3,4.0,2.2,1.0,0.7,0.7,2.8,18.6,0.0,0.0,-5.2
248,Brandon Clarke,MEM,28,31,22,9,18.4,7.3,3.3,5.5,60.6,0.0,0.5,6.3,0.6,1.0,61.3,1.7,3.4,5.1,1.0,0.5,0.8,0.5,2.2,18.2,0.0,0.0,5.3
249,Kelly Olynyk,TOR,33,11,1,10,15.7,7.3,2.5,5.5,45.0,1.0,2.1,47.8,1.4,1.6,83.3,1.0,3.3,4.3,2.2,1.7,0.8,0.3,2.5,17.2,0.0,0.0,-4.3
250,Max Christie,LAL,21,31,17,14,22.0,7.1,2.2,5.1,43.4,0.9,2.6,35.0,1.8,2.0,87.3,0.7,1.6,2.3,1.2,0.7,0.9,0.4,1.6,14.8,0.0,0.0,-2.9
251,Cameron Payne,NYK,30,28,22,6,15.8,7.1,2.6,6.0,42.6,1.5,3.7,39.8,0.5,0.6,81.3,0.3,1.3,1.6,2.9,0.6,0.6,0.3,1.8,15.4,0.0,0.0,2.6
251,Johnny Juzang,UTA,23,28,7,21,17.1,7.1,2.4,5.7,42.1,1.6,4.1,40.4,0.6,0.8,85.7,0.6,1.9,2.5,0.9,0.5,0.4,0.1,1.9,12.5,0.0,0.0,-3.8
253,Tyrese Martin,BKN,25,17,5,12,16.8,7.1,2.5,5.6,44.8,1.5,3.8,38.5,0.5,0.6,81.8,0.8,2.5,3.3,1.4,0.8,0.5,0.2,1.2,14.3,0.0,0.0,-4.0
254,Andre Drummond,PHI,31,25,9,16,19.3,7.0,2.8,5.6,50.7,0.0,0.4,11.1,1.3,2.3,56.9,2.8,5.3,8.1,0.6,1.7,1.2,0.4,2.5,20.7,3.0,0.0,-4.5
255,Sam Merrill,CLE,28,29,25,4,19.2,7.0,2.3,6.0,38.7,1.8,5.2,35.1,0.6,0.6,94.4,0.4,1.4,1.8,1.6,0.5,0.6,0.2,2.0,13.7,0.0,0.0,4.1
256,Isaiah Jackson,IND,22,5,1,4,16.8,7.0,2.8,4.6,60.9,0.0,0.0,0.0,1.4,2.8,50.0,2.2,3.4,5.6,1.0,1.0,0.6,1.6,2.8,20.8,0.0,0.0,2.0
257,Kris Dunn,LAC,30,33,19,14,23.8,7.0,2.8,6.4,44.5,1.1,3.3,33.3,0.2,0.4,50.0,0.7,2.8,3.5,2.8,1.2,1.7,0.3,2.5,20.2,0.0,0.0,3.8
258,Haywood Highsmith,MIA,28,29,16,13,25.0,7.0,2.6,5.4,48.1,1.3,3.1,42.9,0.4,0.7,68.4,0.9,2.4,3.2,1.1,0.9,1.0,0.6,2.2,16.5,0.0,0.0,0.9
259,Torrey Craig,CHI,34,9,3,6,12.5,6.9,2.4,5.0,48.9,1.7,3.9,42.9,0.3,0.4,75.0,0.9,1.9,2.8,0.6,0.0,0.2,0.1,1.7,12.1,0.0,0.0,-3.1
260,Day'Ron Sharpe,BKN,23,12,3,9,15.3,6.8,2.7,6.0,44.4,0.2,1.2,14.3,1.3,1.5,88.9,2.3,3.3,5.6,0.9,1.1,1.0,0.5,1.7,18.3,0.0,0.0,0.0
261,Robert Williams III,POR,27,11,3,8,16.6,6.8,2.8,3.9,72.1,0.1,0.3,33.3,1.1,1.2,92.3,1.6,3.3,4.9,1.1,0.8,0.7,1.5,1.1,20.1,0.0,0.0,-2.5
262,Max Strus,CLE,28,5,5,0,22.0,6.8,2.4,6.4,37.5,1.8,5.4,33.3,0.2,0.2,100,0.8,2.8,3.6,2.0,0.8,0.4,0.4,2.8,15.7,0.0,0.0,2.8
263,Jeremiah Robinson-Earl,NOP,24,29,5,24,19.4,6.8,2.6,5.8,44.0,0.8,2.6,30.7,0.9,1.0,86.2,2.0,2.8,4.8,1.2,0.8,0.8,0.1,1.3,16.1,2.0,0.0,-4.5
264,Josh Okogie,PHX,26,20,6,14,15.7,6.8,2.6,5.3,48.6,0.8,2.0,38.5,0.9,1.4,64.3,1.5,1.7,3.2,0.5,0.8,1.0,0.4,1.2,14.5,0.0,0.0,-1.4
265,Elfrid Payton,NOP,30,7,0,7,20.5,6.7,3.3,6.6,50.0,0.0,0.1,0.0,0.1,0.3,50.0,0.7,2.7,3.4,6.9,2.9,1.4,0.4,1.4,23.8,1.0,0.0,-1.6
266,Trey Lyles,SAC,29,24,10,14,20.5,6.7,2.2,5.7,39.0,1.5,4.1,36.7,0.8,1.0,76.0,0.9,3.3,4.2,0.9,0.6,0.6,0.5,1.3,15.6,1.0,0.0,0.8
267,Jaden Hardy,DAL,22,26,16,10,14.6,6.7,2.4,5.9,40.9,1.0,2.8,34.7,0.9,1.2,74.2,0.2,1.3,1.4,1.2,1.4,0.6,0.1,1.4,10.9,0.0,0.0,-0.5
268,Alec Burks,MIA,33,17,11,6,17.2,6.6,2.0,4.5,44.2,1.5,3.2,46.3,1.1,1.4,82.6,0.4,1.6,2.0,1.2,0.3,0.6,0.2,0.7,13.1,0.0,0.0,4.5
269,Isaac Okoro,CLE,23,23,21,2,21.0,6.6,2.3,4.7,49.5,1.3,2.7,49.2,0.7,0.9,71.4,0.9,1.3,2.3,1.7,0.4,0.7,0.4,2.0,15.0,0.0,0.0,4.5
270,Keon Ellis,SAC,24,32,14,18,20.3,6.5,2.1,4.5,46.2,1.4,3.3,41.9,1.0,1.1,86.1,0.8,1.5,2.2,1.1,0.8,1.3,0.8,1.8,16.2,0.0,0.0,3.0
271,Cason Wallace,OKC,21,31,26,5,26.8,6.5,2.6,6.4,41.2,0.9,3.1,29.2,0.3,0.4,81.8,1.2,2.2,3.4,2.4,0.6,1.7,0.7,2.1,21.0,0.0,0.0,5.5
271,Davion Mitchell,TOR,26,31,8,23,25.6,6.5,2.4,6.0,40.5,0.9,2.9,31.9,0.7,1.1,66.7,0.5,1.6,2.1,4.8,1.9,0.8,0.2,2.8,17.2,1.0,0.0,-3.5
273,Simone Fontecchio,DET,29,30,13,17,17.9,6.4,2.1,5.1,40.5,1.2,3.4,34.7,1.1,1.4,82.9,0.6,2.2,2.8,0.9,0.8,0.3,0.2,1.3,11.9,0.0,0.0,-0.5
274,KJ Martin,PHI,23,24,9,15,20.0,6.4,2.5,4.1,61.6,0.3,0.9,38.1,1.0,1.2,82.8,0.9,2.1,3.0,0.8,0.5,0.5,0.7,2.6,14.1,0.0,0.0,1.2
275,Kenrich Williams,OKC,30,22,19,3,13.4,6.4,2.5,4.4,56.7,1.0,2.2,42.9,0.5,0.5,100,0.9,2.3,3.2,1.0,0.3,0.7,0.2,1.7,14.1,0.0,0.0,5.0
276,Jaxson Hayes,LAL,24,11,6,5,17.4,6.4,2.4,3.3,72.2,0.0,0.0,0.0,1.6,2.1,78.3,1.9,2.6,4.5,0.8,0.7,0.4,0.8,2.5,15.9,0.0,0.0,-1.0
277,Talen Horton-Tucker,CHI,24,28,9,19,12.6,6.4,2.3,4.9,47.1,0.8,2.2,37.1,0.9,1.3,67.6,0.5,1.6,2.1,1.5,0.6,0.4,0.3,1.1,12.7,0.0,0.0,0.5
278,Jarace Walker,IND,21,34,16,18,17.8,6.3,2.2,5.0,45.0,1.0,2.7,38.0,0.8,1.3,65.1,0.4,3.0,3.4,1.5,1.3,1.1,0.3,1.6,15.4,0.0,0.0,-3.5
279,Dru Smith,MIA,27,14,8,6,19.2,6.3,2.2,4.4,50.8,1.1,2.1,53.3,0.7,0.9,76.9,0.9,1.7,2.6,1.6,1.2,1.5,0.4,2.1,16.4,0.0,0.0,2.7
279,Ryan Dunn,PHX,21,28,14,14,18.8,6.3,2.5,5.8,42.6,1.1,3.6,30.4,0.3,0.5,50.0,0.8,2.1,2.9,0.9,0.5,0.6,0.7,2.3,14.6,0.0,0.0,-1.2
281,Terance Mann,LAC,28,23,14,9,21.0,6.3,2.4,5.6,43.8,0.7,2.0,34.0,0.7,1.0,66.7,1.0,2.0,3.1,1.7,0.6,1.0,0.2,2.0,15.5,0.0,0.0,-2.1
282,Cole Anthony,ORL,24,32,19,13,11.9,6.3,2.2,5.8,38.0,0.7,2.4,28.9,1.1,1.4,78.3,0.4,1.8,2.2,2.2,1.4,0.4,0.2,1.6,12.5,0.0,0.0,1.1
283,Ajay Mitchell,OKC,22,32,27,5,16.4,6.2,2.4,4.8,50.6,0.7,1.5,43.8,0.7,0.8,81.5,0.5,1.5,2.0,1.7,0.8,0.8,0.1,1.8,12.9,1.0,0.0,3.9
284,Ronald Holland II,DET,19,33,15,18,15.6,6.2,2.5,5.2,47.7,0.4,1.8,21.7,0.8,1.1,77.8,0.5,2.4,2.9,0.7,0.9,0.5,0.2,1.6,11.6,0.0,0.0,-1.4
285,Isaiah Wong,CHA,23,10,1,9,14.3,6.1,2.0,5.6,35.7,0.4,1.7,23.5,1.7,2.6,65.4,1.2,1.0,2.2,1.8,1.0,0.6,0.0,1.1,12.2,0.0,0.0,-1.0
286,Dean Wade,CLE,28,24,23,1,22.5,6.0,2.0,5.0,40.0,1.5,4.3,35.3,0.5,1.0,50.0,1.0,4.3,5.3,1.5,0.3,1.0,0.5,1.5,18.8,1.0,0.0,6.9
286,James Wiseman,IND,23,1,1,0,4.6,6.0,2.0,4.0,50.0,0.0,1.0,0.0,2.0,2.0,100,0.0,1.0,1.0,0.0,0.0,0.0,0.0,0.0,7.2,0.0,0.0,-4.0
286,Jamison Battle,TOR,23,31,8,23,13.5,6.0,2.1,4.5,47.1,1.4,3.3,43.1,0.4,0.5,85.7,0.6,1.3,1.9,1.0,0.4,0.1,0.1,1.2,10.1,0.0,0.0,-2.7
286,Quenton Jackson,IND,26,17,7,10,14.8,6.0,2.3,4.5,51.3,0.5,1.4,37.5,0.9,1.2,71.4,0.6,1.0,1.6,1.8,0.6,0.5,0.3,1.9,12.5,0.0,0.0,-2.6
290,Javonte Green,NOP,31,32,5,27,20.9,5.9,2.1,4.6,46.3,0.7,1.9,36.1,1.0,1.3,74.4,0.9,2.2,3.1,0.7,0.7,1.0,0.6,1.4,14.9,0.0,0.0,-7.8
290,Kevin Love,MIA,36,16,10,6,11.4,5.9,2.0,5.7,35.2,1.1,3.1,36.0,0.8,1.2,68.4,1.1,3.4,4.5,1.2,0.8,0.8,0.1,0.9,15.1,0.0,0.0,-0.3
292,Isaiah Stewart,DET,23,29,12,17,21.3,5.9,2.3,4.3,54.0,0.2,0.9,28.0,1.1,1.2,88.6,2.1,3.9,6.0,1.8,1.0,0.4,1.2,2.8,19.8,2.0,0.0,-1.8
293,Ben Simmons,BKN,28,26,10,16,25.1,5.9,2.7,4.9,54.3,0.0,0.0,0.0,0.6,0.8,71.4,0.9,4.3,5.2,6.9,2.8,0.8,0.5,2.3,23.6,1.0,0.0,-2.5
294,Kyle Filipowski,UTA,21,22,3,19,16.5,5.9,2.2,4.4,49.5,0.5,1.6,33.3,1.0,1.7,56.8,1.0,3.3,4.3,1.8,1.0,0.5,0.1,1.9,14.8,0.0,0.0,-4.9
294,Marcus Sasser,DET,24,22,8,14,13.1,5.9,2.4,4.5,52.5,0.9,2.2,39.6,0.3,0.3,100,0.4,0.5,0.9,1.7,0.8,0.9,0.1,1.1,11.7,0.0,0.0,-0.2
296,Malaki Branham,SAS,21,22,11,11,11.9,5.8,2.1,4.8,43.8,0.8,2.1,38.3,0.8,0.9,85.0,0.1,1.3,1.4,1.2,1.2,0.3,0.1,0.7,9.3,0.0,0.0,-3.9
297,Jordan Miller,LAC,24,20,10,10,14.2,5.7,2.2,5.2,42.7,0.4,1.5,23.3,1.0,1.2,79.2,1.0,1.1,2.1,1.2,0.9,0.4,0.2,1.0,10.7,0.0,0.0,-2.2
298,Jonathan Isaac,ORL,27,29,17,12,16.6,5.7,2.1,5.2,39.7,0.7,2.7,24.7,0.9,1.3,68.4,1.7,2.9,4.6,0.4,0.6,0.9,1.2,1.4,17.5,0.0,0.0,-2.1
299,Zach Collins,SAS,27,26,13,13,14.0,5.7,2.0,4.3,46.8,0.5,1.5,30.8,1.2,1.3,88.6,1.2,2.0,3.2,1.8,0.8,0.5,0.5,2.2,14.1,0.0,0.0,-2.0
300,Donovan Clingan,POR,20,25,10,15,15.9,5.6,2.3,4.4,52.7,0.2,0.6,31.3,0.8,1.0,73.1,2.8,3.4,6.1,0.6,1.2,0.5,1.6,2.8,18.9,1.0,0.0,-2.2
301,Ben Sheppard,IND,23,20,10,10,19.9,5.6,2.1,5.0,42.0,1.4,3.6,38.0,0.0,0.0,0.0,0.5,2.0,2.5,1.1,0.4,0.4,0.3,2.5,11.9,0.0,0.0,-2.8
302,Precious Achiuwa,NYK,25,13,11,2,19.0,5.5,2.2,4.5,49.2,0.4,0.9,41.7,0.7,1.3,52.9,2.0,4.5,6.5,1.2,1.0,0.7,0.8,1.4,18.6,1.0,0.0,2.8
303,Alex Caruso,OKC,30,20,17,3,19.9,5.5,2.2,5.7,37.7,0.9,3.3,26.2,0.4,0.5,77.8,0.6,2.3,2.9,2.5,0.8,1.9,0.6,2.0,19.4,0.0,0.0,5.2
303,Trevelin Queen,ORL,27,8,4,4,15.9,5.5,2.0,3.9,51.6,1.0,2.0,50.0,0.5,0.5,100,0.3,0.8,1.0,1.3,1.3,1.0,0.4,1.9,11.5,0.0,0.0,2.0
305,Monté Morris,PHX,29,27,12,15,13.5,5.5,1.9,4.6,41.9,0.6,2.0,29.1,1.0,1.3,82.4,0.3,1.3,1.6,1.8,0.5,0.5,0.1,0.6,11.5,0.0,0.0,2.3
306,Eric Gordon,PHI,36,20,6,14,17.1,5.5,1.9,4.9,37.8,0.9,2.9,29.3,0.9,1.2,78.3,0.2,0.8,1.0,1.4,0.7,0.7,0.3,0.7,10.8,0.0,0.0,-2.0
307,Ricky Council IV,PHI,23,24,7,17,12.5,5.4,1.7,4.0,41.2,0.4,1.5,27.0,1.7,2.0,85.1,0.6,1.5,2.1,0.7,0.5,0.3,0.2,0.9,10.0,1.0,0.0,-1.1
308,Neemias Queta,BOS,25,27,20,7,15.8,5.4,2.3,3.6,64.6,0.0,0.1,0.0,0.8,1.1,73.3,1.7,2.8,4.5,0.7,0.7,0.3,0.9,2.0,14.8,0.0,0.0,4.0
309,Pelle Larsson,MIA,23,18,8,10,16.1,5.4,1.9,3.9,49.3,0.6,1.8,34.4,0.9,1.4,64.0,0.6,1.3,1.8,1.4,0.6,0.6,0.0,2.3,10.8,0.0,0.0,1.2
310,Jared Butler,WAS,24,22,3,19,10.3,5.4,2.1,4.7,45.6,0.3,1.1,28.0,0.8,1.0,73.9,0.3,0.6,0.9,2.4,0.8,0.3,0.1,1.1,10.4,0.0,0.0,-1.8
311,Lindy Waters III,GSW,27,25,12,13,17.5,5.4,1.9,5.5,34.8,1.3,4.0,32.0,0.2,0.3,85.7,0.5,2.0,2.6,1.3,0.4,0.7,0.2,1.6,12.6,0.0,0.0,1.1
312,Lonzo Ball,CHI,27,15,7,8,18.5,5.3,1.7,5.3,32.9,1.3,4.4,30.3,0.5,0.7,80.0,0.4,3.0,3.4,3.7,1.1,1.3,0.5,1.4,19.4,0.0,0.0,2.4
312,Paul Reed,DET,25,18,6,12,11.8,5.3,2.1,3.6,56.9,0.3,0.8,33.3,0.9,1.2,81.0,0.8,1.7,2.5,1.1,0.6,1.3,0.7,1.8,15.4,0.0,0.0,2.1
312,Vince Williams Jr.,MEM,24,3,1,2,14.9,5.3,2.3,6.3,36.8,0.3,2.7,12.5,0.3,1.3,25.0,1.3,2.3,3.7,3.0,2.3,0.0,0.7,3.0,13.9,0.0,0.0,4.7
315,Kobe Bufkin,ATL,21,10,6,4,12.4,5.3,1.8,4.7,38.3,0.4,1.9,21.1,1.3,1.8,72.2,0.5,1.6,2.1,1.7,0.8,0.3,0.2,0.9,11.1,0.0,0.0,-2.3
316,Jonathan Mogbo,TOR,23,34,8,26,16.7,5.1,2.0,4.3,45.6,0.2,0.7,29.2,1.0,1.4,71.7,1.8,2.5,4.3,1.6,0.9,0.8,0.5,1.8,15.6,0.0,0.0,-4.1
317,Seth Curry,CHA,34,29,7,22,13.5,5.1,1.9,4.1,45.8,0.9,2.1,41.9,0.4,0.5,85.7,0.4,1.0,1.4,0.4,0.3,0.4,0.2,1.0,9.0,0.0,0.0,-1.6
318,Jamal Shead,TOR,22,30,8,22,15.9,5.1,2.0,5.0,40.7,0.7,2.1,31.3,0.3,0.5,66.7,0.2,1.0,1.2,3.3,1.5,0.6,0.1,1.8,12.2,1.0,0.0,-4.8
319,Matas Buzelis,CHI,20,32,15,17,13.1,5.1,1.8,4.9,36.5,0.8,2.4,33.3,0.7,0.9,78.6,0.6,2.1,2.7,0.5,0.6,0.3,0.8,1.4,11.7,0.0,0.0,0.5
320,Alondes Williams,DET,25,1,0,1,3.7,5.0,2.0,2.0,100,1.0,1.0,100,0.0,0.0,0.0,0.0,0.0,0.0,1.0,0.0,0.0,0.0,0.0,6.5,0.0,0.0,6.0
320,Cam Christie,LAC,19,1,0,1,17.8,5.0,2.0,7.0,28.6,1.0,4.0,25.0,0.0,0.0,0.0,1.0,2.0,3.0,0.0,1.0,2.0,0.0,0.0,13.6,0.0,0.0,8.0
320,David Roddy,ATL,23,18,7,11,13.4,5.0,1.8,3.3,55.0,0.7,1.7,41.9,0.6,0.7,84.6,0.3,2.2,2.4,1.2,0.9,0.4,0.2,0.7,10.4,0.0,0.0,-3.2
320,JT Thor,CLE,22,5,4,1,5.1,5.0,1.6,2.0,80.0,0.6,0.8,75.0,1.2,1.2,100,0.2,0.6,0.8,0.0,0.4,0.4,0.6,0.8,8.6,0.0,0.0,-1.8
320,Kyle Anderson,GSW,31,26,14,12,14.5,5.0,2.0,4.7,41.5,0.6,1.6,35.7,0.5,0.8,65.0,0.6,2.4,3.0,2.2,0.5,0.8,0.5,1.1,15.1,0.0,0.0,-0.9
325,Marvin Bagley III,WAS,25,19,3,16,8.8,4.9,2.0,3.7,53.5,0.1,0.5,20.0,0.8,1.2,65.2,1.4,1.5,2.9,0.4,0.6,0.4,0.3,0.6,10.3,0.0,0.0,-1.4
326,Tidjane Salaün,CHA,19,28,5,23,19.2,4.9,1.6,5.2,31.5,1.0,3.3,30.1,0.6,0.9,70.8,1.0,3.3,4.3,1.1,0.8,0.6,0.2,1.4,13.3,1.0,0.0,-4.3
327,Kevon Looney,GSW,28,28,14,14,15.8,4.9,2.1,4.0,52.7,0.0,0.0,0.0,0.6,1.5,43.9,3.1,3.8,6.9,1.7,0.6,0.7,0.2,2.3,17.9,1.0,0.0,0.5
328,Pat Connaughton,MIL,31,16,5,11,16.8,4.8,1.7,4.4,38.0,0.9,2.8,31.1,0.6,0.8,75.0,0.5,2.4,2.9,1.6,0.7,0.2,0.3,1.3,11.5,0.0,0.0,-0.4
329,Drew Eubanks,UTA,27,24,6,18,13.3,4.8,2.0,3.2,61.8,0.1,0.2,50.0,0.8,1.3,61.3,1.1,2.8,3.8,1.1,0.8,0.2,0.6,1.3,12.8,0.0,0.0,-1.9
330,Charles Bassey,SAS,24,22,13,9,10.4,4.8,2.0,3.6,57.0,0.0,0.0,0.0,0.7,1.1,60.0,1.5,2.7,4.2,0.5,0.7,0.3,1.0,1.4,13.8,2.0,0.0,-1.7
331,Keaton Wallace,ATL,25,16,7,9,15.5,4.7,1.8,4.4,40.8,0.8,2.3,35.1,0.3,0.3,100,0.1,1.3,1.4,1.9,1.1,0.8,0.4,0.9,11.7,0.0,0.0,-3.0
332,Taylor Hendricks,UTA,21,3,0,3,24.8,4.7,1.3,6.0,22.2,1.0,4.0,25.0,1.0,1.3,75.0,1.7,3.3,5.0,0.7,0.7,1.7,1.3,2.7,20.0,0.0,0.0,-7.3
333,Gary Payton II,GSW,32,28,15,13,13.1,4.6,2.1,3.8,54.7,0.2,1.1,15.6,0.3,0.5,60.0,1.2,1.6,2.8,1.2,0.5,0.7,0.4,1.4,12.5,0.0,0.0,0.3
334,Julian Phillips,CHI,21,33,15,18,13.7,4.6,1.6,3.8,42.5,0.7,2.3,31.6,0.6,0.9,66.7,0.8,1.2,2.0,0.5,0.4,0.5,0.2,1.5,9.6,0.0,0.0,-1.8
335,Jaylin Williams,OKC,22,5,5,0,12.0,4.6,1.6,3.8,42.1,1.4,3.4,41.2,0.0,0.0,0.0,0.6,1.4,2.0,2.2,0.4,0.4,0.2,1.2,11.7,0.0,0.0,0.4
336,Dariq Whitehead,BKN,20,4,1,3,6.9,4.5,1.5,2.8,54.5,1.5,2.5,60.0,0.0,0.0,0.0,0.0,0.8,0.8,0.3,0.8,0.8,0.3,0.3,8.0,0.0,0.0,-0.5
336,Thomas Bryant,IND,27,18,10,8,11.3,4.5,1.6,3.1,50.0,0.6,1.7,36.7,0.8,0.8,100,0.8,2.4,3.2,0.4,0.2,0.3,0.7,0.9,11.6,0.0,0.0,0.9
338,Ryan Rollins,MIL,22,17,7,10,11.1,4.5,1.6,3.6,45.9,0.8,1.6,46.4,0.4,0.5,77.8,0.3,1.5,1.8,1.1,0.9,1.0,0.5,1.1,11.6,0.0,0.0,1.6
339,Wendell Moore Jr.,DET,23,13,3,10,14.0,4.5,1.6,3.2,51.2,0.2,0.8,27.3,1.0,1.1,92.9,0.8,2.4,3.2,1.4,0.6,0.6,0.2,1.0,12.3,0.0,0.0,0.5
340,Antonio Reeves,NOP,22,16,1,15,9.3,4.4,1.8,4.4,40.0,0.6,2.1,26.5,0.4,0.4,85.7,0.4,0.8,1.1,0.6,0.3,0.3,0.0,0.4,7.4,0.0,0.0,-2.0
341,Luke Kornet,BOS,29,27,18,9,16.7,4.4,1.7,2.8,60.0,0.0,0.0,0.0,1.1,1.4,74.4,2.1,2.9,5.0,1.5,0.4,0.4,1.0,1.1,16.7,0.0,0.0,5.1
342,Sandro Mamukelashvili,SAS,25,21,10,11,9.2,4.4,1.5,2.8,54.2,0.8,1.9,42.5,0.5,0.7,73.3,0.6,2.2,2.8,0.4,0.4,0.1,0.3,0.6,9.2,0.0,0.0,-0.2
343,Jamal Cain,NOP,25,16,2,14,14.0,4.3,1.6,3.4,45.5,0.6,1.8,32.1,0.6,1.0,62.5,0.9,1.9,2.8,0.6,0.4,0.5,0.4,1.3,11.0,0.0,0.0,-5.3
344,Gabe Vincent,LAL,28,31,18,13,18.9,4.3,1.6,4.3,37.3,0.9,2.8,33.0,0.1,0.3,50.0,0.3,1.0,1.3,0.9,0.6,0.8,0.2,1.9,9.5,0.0,0.0,-1.0
344,Mason Plumlee,PHX,34,31,15,16,17.5,4.3,1.6,2.7,58.8,0.0,0.0,0.0,1.1,1.8,60.0,1.6,4.6,6.2,1.8,0.8,0.3,0.8,2.0,16.9,1.0,0.0,0.4
346,Kyle Lowry,PHI,38,23,10,13,20.1,4.2,1.3,3.6,34.9,0.9,2.7,33.3,0.8,1.0,78.3,0.3,1.5,1.8,2.8,0.7,1.0,0.3,1.9,13.8,0.0,0.0,-3.6
347,Dalen Terry,CHI,22,31,12,19,13.8,4.2,1.5,3.1,47.9,0.4,1.2,35.1,0.8,1.2,69.4,0.6,0.9,1.5,1.1,0.9,0.5,0.3,1.5,9.2,0.0,0.0,-3.9
348,KJ Simpson,CHA,22,10,1,9,13.4,4.1,1.4,4.7,29.8,0.3,2.4,12.5,1.0,1.3,76.9,0.9,0.8,1.7,1.9,1.0,0.7,0.2,1.3,10.7,0.0,0.0,-6.0
349,Gary Harris,ORL,30,20,12,8,16.3,4.1,1.5,3.6,40.3,1.0,2.7,35.2,0.2,0.4,50.0,0.5,0.8,1.3,0.5,0.5,0.7,0.3,0.7,8.6,0.0,0.0,2.0
350,Josh Richardson,MIA,31,8,4,4,18.7,4.0,1.4,4.8,28.9,0.8,2.8,27.3,0.5,0.5,100,0.8,0.8,1.5,1.5,1.0,1.0,0.1,2.1,10.4,0.0,0.0,-3.9
350,Kel'el Ware,MIA,20,16,9,7,9.6,4.0,1.8,3.1,57.1,0.3,0.8,33.3,0.3,0.4,57.1,0.5,2.2,2.7,0.3,0.4,0.4,0.6,0.9,10.3,0.0,0.0,1.9
350,Micah Potter,UTA,26,9,3,6,18.1,4.0,1.4,3.3,43.3,1.1,2.8,40.0,0.0,0.0,0.0,1.6,3.6,5.1,1.3,0.7,0.2,0.4,1.0,13.5,0.0,0.0,5.3
353,Jett Howard,ORL,21,32,18,14,10.4,3.9,1.4,3.8,37.2,0.8,2.8,30.7,0.3,0.3,81.8,0.3,0.8,1.1,0.4,0.4,0.2,0.2,0.9,6.6,0.0,0.0,-1.0
354,Aaron Holiday,HOU,28,22,14,8,9.5,3.9,1.3,2.9,46.0,0.8,1.9,40.5,0.5,0.6,84.6,0.0,0.9,0.9,1.2,0.3,0.2,0.1,0.8,7.4,0.0,0.0,1.0
355,Luka Garza,MIN,26,9,7,2,5.2,3.9,1.6,2.8,56.0,0.2,0.9,25.0,0.6,0.9,62.5,0.4,0.8,1.2,0.1,0.3,0.1,0.0,0.4,5.5,0.0,0.0,0.3
356,Kris Murray,POR,24,26,9,17,12.3,3.9,1.6,3.4,46.1,0.4,1.4,30.6,0.3,0.8,40.0,0.9,1.1,2.0,0.7,0.6,0.4,0.1,1.0,8.5,0.0,0.0,-2.1
357,Reggie Jackson,PHI,34,16,5,11,12.0,3.9,1.4,3.6,39.7,0.9,2.3,41.7,0.1,0.1,50.0,0.3,1.1,1.3,1.8,0.5,0.4,0.2,0.9,9.5,0.0,0.0,0.3
358,Blake Wesley,SAS,21,23,12,11,11.3,3.9,1.5,3.3,46.1,0.2,0.9,20.0,0.7,0.9,71.4,0.3,0.6,0.8,2.0,1.0,0.4,0.1,0.6,8.5,0.0,0.0,0.7
359,Oso Ighodaro,PHX,22,26,10,16,15.9,3.8,1.7,2.8,59.5,0.0,0.0,0.0,0.4,0.7,57.9,1.0,2.7,3.7,0.9,0.6,0.5,0.3,1.7,11.4,0.0,0.0,0.8
360,Cam Spencer,MEM,24,8,7,1,12.2,3.8,1.1,2.9,39.1,0.5,1.5,33.3,1.0,1.0,100,0.6,1.4,2.0,1.8,0.6,0.4,0.1,1.3,9.7,0.0,0.0,2.8
361,Daniel Theis,NOP,32,24,3,21,14.7,3.7,1.4,3.1,44.6,0.2,1.0,21.7,0.8,0.8,90.0,0.8,2.8,3.7,1.5,0.7,0.4,0.6,1.8,12.7,1.0,0.0,-3.5
362,Doug McDermott,SAC,33,23,11,12,9.1,3.7,1.3,3.1,40.8,1.0,2.7,39.3,0.1,0.2,60.0,0.1,0.6,0.7,0.1,0.1,0.2,0.0,0.9,5.2,0.0,0.0,1.2
363,Rob Dillingham,MIN,19,15,7,8,8.5,3.7,1.5,3.4,45.1,0.6,1.4,42.9,0.0,0.0,0.0,0.1,0.7,0.7,1.7,1.1,0.1,0.0,0.3,6.4,0.0,0.0,-2.2
364,Andre Jackson Jr.,MIL,23,30,17,13,18.2,3.6,1.4,3.5,39.6,0.6,1.7,35.3,0.2,0.4,53.8,0.9,2.2,3.1,1.5,1.2,0.6,0.2,2.4,11.0,0.0,0.0,1.7
365,Isaac Jones,SAC,24,21,10,11,8.3,3.6,1.5,2.3,66.7,0.0,0.2,25.0,0.5,1.0,55.0,0.5,1.0,1.5,0.2,0.5,0.1,0.4,1.0,6.6,0.0,0.0,-2.5
366,Mo Bamba,LAC,26,18,13,5,12.2,3.6,1.4,3.5,39.7,0.3,1.7,20.0,0.5,0.7,69.2,0.8,2.8,3.6,0.7,0.6,0.4,1.1,1.9,12.9,0.0,0.0,-2.8
367,Cam Reddish,LAL,25,25,12,13,19.5,3.6,1.3,2.9,45.2,0.4,1.5,28.9,0.5,0.8,61.9,0.5,1.6,2.1,0.8,0.5,1.2,0.4,1.6,11.4,0.0,0.0,-1.5
368,Patty Mills,UTA,36,9,2,7,15.3,3.6,1.2,3.4,35.5,0.8,2.7,29.2,0.3,0.3,100,0.1,0.8,0.9,1.4,0.9,0.7,0.2,0.9,8.6,0.0,0.0,1.3
369,Vít Krejčí,ATL,24,20,10,10,14.7,3.6,1.3,3.6,34.7,0.6,2.2,25.0,0.5,0.7,71.4,0.5,1.6,2.1,2.1,0.8,0.6,0.4,1.8,11.2,0.0,0.0,-0.3
370,Nicolas Batum,LAC,36,33,19,14,18.4,3.5,1.2,3.0,38.8,0.9,2.4,38.8,0.3,0.4,76.9,0.7,2.2,2.8,1.6,0.6,0.5,0.4,1.4,11.7,0.0,0.0,2.3
371,Jabari Walker,POR,22,24,5,19,10.3,3.5,1.4,3.2,44.7,0.2,0.9,18.2,0.5,0.8,72.2,0.9,2.1,3.0,0.5,0.5,0.3,0.1,1.1,8.7,0.0,0.0,-0.1
372,Cody Williams,UTA,20,19,4,15,19.2,3.5,1.3,4.1,31.2,0.5,2.2,23.8,0.5,0.7,64.3,0.5,1.8,2.3,1.2,0.8,0.4,0.3,1.6,9.3,0.0,0.0,-7.5
373,Jae'Sean Tate,HOU,29,16,13,3,8.7,3.5,1.3,2.6,50.0,0.1,0.5,25.0,0.8,1.1,70.6,0.5,1.8,2.3,0.8,0.5,0.6,0.0,1.6,8.7,0.0,0.0,4.0
373,Jevon Carter,CHI,29,16,5,11,6.7,3.5,1.3,2.8,44.4,0.8,1.9,41.9,0.2,0.3,75.0,0.1,0.8,0.9,0.9,0.4,0.3,0.0,0.3,6.4,0.0,0.0,1.5
375,Tre Jones,SAS,24,15,9,6,16.7,3.5,1.2,2.9,40.9,0.2,1.0,20.0,0.9,1.1,76.5,0.5,1.6,2.1,3.9,0.7,0.7,0.3,1.3,14.0,0.0,0.0,3.3
376,Reed Sheppard,HOU,20,29,20,9,11.9,3.4,1.3,4.1,32.2,0.7,2.3,27.9,0.2,0.2,83.3,0.3,1.0,1.3,1.2,0.6,0.5,0.3,1.0,8.8,0.0,0.0,-0.7
377,Moussa Diabate,CHA,22,30,6,24,17.9,3.4,1.5,2.5,60.5,0.0,0.0,0.0,0.4,0.8,44.0,3.1,3.8,6.8,0.6,0.9,0.6,0.7,1.7,15.8,2.0,0.0,1.5
378,Bruno Fernando,TOR,26,17,2,15,8.6,3.4,1.5,2.9,53.1,0.0,0.0,0.0,0.4,0.5,75.0,1.2,1.8,3.0,1.1,0.8,0.2,0.5,1.6,10.1,0.0,0.0,-1.3
379,Dario Šarić,DEN,30,10,4,6,13.6,3.4,1.2,4.0,30.0,0.5,1.9,26.3,0.5,0.6,83.3,0.9,2.6,3.5,1.1,1.1,0.6,0.0,1.4,10.0,1.0,0.0,-4.3
379,Landry Shamet,NYK,27,5,5,0,8.0,3.4,1.4,2.2,63.6,0.6,0.8,75.0,0.0,0.0,0.0,0.0,0.6,0.6,0.4,0.0,0.8,0.0,0.2,7.1,0.0,0.0,5.8
381,Jae Crowder,SAC,34,6,2,4,14.8,3.3,1.0,2.8,35.3,0.5,2.0,25.0,0.8,1.0,83.3,1.0,1.8,2.8,0.7,0.7,0.5,0.0,1.7,8.6,0.0,0.0,-1.2
382,Bol Bol,PHX,25,7,0,7,5.3,3.3,1.3,2.1,60.0,0.1,0.7,20.0,0.6,0.9,66.7,0.6,1.0,1.6,0.1,0.4,0.0,0.0,0.1,5.0,0.0,0.0,1.3
383,Jalen Pickett,DEN,25,8,5,3,9.9,3.3,1.3,2.6,47.6,0.8,1.8,42.9,0.0,0.0,0.0,0.1,1.0,1.1,2.6,0.6,0.1,0.1,0.9,8.7,0.0,0.0,4.3
384,Moses Brown,IND,25,9,3,6,5.1,3.2,1.4,2.2,65.0,0.0,0.0,0.0,0.3,0.6,60.0,0.4,1.0,1.4,0.0,0.7,0.2,0.1,0.7,5.3,0.0,0.0,-1.2
385,DeAndre Jordan,DEN,36,20,13,7,10.7,3.2,1.5,2.3,66.7,0.0,0.0,0.0,0.2,0.7,30.8,0.9,3.1,4.0,1.0,0.7,0.3,0.5,1.2,11.1,0.0,0.0,-2.3
386,Rayan Rupert,POR,20,25,8,17,9.9,3.2,1.2,2.7,42.6,0.4,1.2,29.0,0.5,0.6,75.0,0.7,0.7,1.4,0.5,0.5,0.3,0.1,0.7,6.3,0.0,0.0,-1.9
387,Josh Minott,MIN,22,19,10,9,7.5,3.2,1.3,2.4,55.6,0.3,1.0,26.3,0.3,0.4,71.4,0.3,1.1,1.4,0.6,0.3,0.5,0.3,0.9,7.7,0.0,0.0,0.8
388,Nick Smith Jr.,CHA,20,14,2,12,8.9,3.1,1.2,3.5,34.7,0.6,1.9,33.3,0.1,0.1,50.0,0.1,0.7,0.8,0.7,0.2,0.3,0.1,0.6,6.0,0.0,0.0,-2.8
389,Isaiah Collier,UTA,20,24,5,19,17.3,3.1,1.3,4.0,31.6,0.3,1.6,15.8,0.4,0.8,45.0,0.2,2.0,2.2,3.4,2.3,0.8,0.2,1.8,11.3,0.0,0.0,-3.4
389,Kobe Brown,LAC,25,8,3,5,7.4,3.1,1.4,3.3,42.3,0.3,0.9,28.6,0.1,0.3,50.0,0.6,1.4,2.0,0.5,0.0,0.1,0.1,0.8,7.0,0.0,0.0,-2.1
391,Jock Landale,HOU,29,18,13,5,9.7,3.1,1.2,2.8,42.0,0.2,0.4,42.9,0.6,1.1,52.6,1.2,1.5,2.7,0.8,0.6,0.2,0.4,0.8,8.5,0.0,0.0,-1.6
392,John Konchar,MEM,28,19,14,5,14.4,3.1,1.1,2.5,43.8,0.6,1.8,34.3,0.2,0.3,80.0,1.1,2.8,3.9,1.3,0.5,0.7,0.5,1.1,12.8,0.0,0.0,-0.2
393,Johnny Davis,WAS,22,22,3,19,8.6,3.0,1.2,2.8,44.3,0.3,1.0,28.6,0.3,0.5,63.6,0.3,1.1,1.5,0.4,0.2,0.5,0.3,0.7,7.7,0.0,0.0,-0.7
394,A.J. Lawson,TOR,24,3,0,3,4.5,3.0,1.0,2.3,42.9,0.7,1.7,40.0,0.3,0.7,50.0,0.3,0.7,1.0,0.0,0.0,0.0,0.0,0.0,4.2,0.0,0.0,-2.3
394,Collin Gillespie,PHX,25,1,1,0,3.4,3.0,1.0,2.0,50.0,1.0,1.0,100,0.0,0.0,0.0,0.0,0.0,0.0,0.0,0.0,0.0,0.0,0.0,3.0,0.0,0.0,0.0
394,David Duke Jr.,SAS,25,1,0,1,8.2,3.0,1.0,4.0,25.0,0.0,1.0,0.0,1.0,2.0,50.0,0.0,0.0,0.0,2.0,0.0,0.0,0.0,1.0,6.0,0.0,0.0,0.0
394,Drew Peterson,BOS,25,10,8,2,10.4,3.0,0.9,2.0,45.0,0.6,1.6,37.5,0.6,0.7,85.7,0.5,1.7,2.2,0.7,0.5,0.2,0.2,1.0,7.4,0.0,0.0,2.7
394,Oscar Tshiebwe,UTA,25,1,0,1,15.7,3.0,0.0,0.0,0.0,0.0,0.0,0.0,3.0,4.0,75.0,3.0,6.0,9.0,0.0,1.0,2.0,0.0,3.0,18.8,0.0,0.0,-6.0
394,Pete Nance,PHI,24,1,1,0,2.9,3.0,1.0,1.0,100,1.0,1.0,100,0.0,0.0,0.0,0.0,1.0,1.0,0.0,0.0,0.0,0.0,3.0,4.2,0.0,0.0,-2.0
394,Quincy Olivari,LAL,23,1,1,0,8.2,3.0,1.0,3.0,33.3,1.0,3.0,33.3,0.0,0.0,0.0,0.0,0.0,0.0,0.0,1.0,0.0,0.0,0.0,2.0,0.0,0.0,-13.0
394,Richaun Holmes,WAS,31,4,0,4,5.9,3.0,1.3,2.8,45.5,0.0,0.3,0.0,0.5,0.5,100,0.8,1.0,1.8,0.0,0.5,0.0,0.5,0.3,6.1,0.0,0.0,-1.3
394,Taze Moore,POR,26,2,0,2,9.9,3.0,1.0,5.0,20.0,0.5,2.0,25.0,0.5,1.0,50.0,2.0,2.0,4.0,0.5,1.0,1.0,0.0,0.0,10.6,0.0,0.0,-3.5
403,Ousmane Dieng,OKC,21,19,15,4,10.6,2.9,1.1,3.4,31.3,0.5,2.0,23.7,0.4,0.6,63.6,0.5,2.0,2.5,0.7,0.3,0.6,0.2,1.0,9.3,0.0,0.0,1.3
404,Johnny Furphy,IND,20,20,8,12,10.3,2.9,1.0,2.7,37.0,0.6,1.6,34.4,0.4,0.4,100,0.7,0.8,1.5,0.5,0.5,0.4,0.3,1.0,7.0,0.0,0.0,-1.0
405,Jeff Dowtin Jr.,PHI,27,10,2,8,9.7,2.8,1.1,2.5,44.0,0.2,0.9,22.2,0.4,0.5,80.0,0.2,0.8,1.0,1.0,0.2,0.3,0.1,0.5,6.5,0.0,0.0,0.1
406,Delon Wright,MIL,32,22,12,10,16.6,2.8,1.0,3.2,30.0,0.5,1.9,26.2,0.4,0.6,57.1,0.7,1.2,1.9,1.9,0.6,0.9,0.3,0.7,10.7,0.0,0.0,1.0
407,Hunter Tyson,DEN,24,22,13,9,9.2,2.7,0.9,2.0,43.2,0.4,1.1,32.0,0.6,0.7,86.7,0.4,1.4,1.8,0.5,0.4,0.2,0.1,1.0,6.1,0.0,0.0,-1.4
408,TyTy Washington Jr.,PHX,23,3,0,3,8.9,2.7,1.0,2.0,50.0,0.7,1.0,66.7,0.0,0.0,0.0,0.0,0.3,0.3,1.3,0.3,0.7,0.0,0.0,6.7,0.0,0.0,-0.3
409,Taj Gibson,CHA,39,14,4,10,10.8,2.6,1.1,2.4,47.1,0.1,0.1,50.0,0.3,0.4,66.7,1.5,1.7,3.2,0.5,0.6,0.4,0.2,1.3,8.5,0.0,0.0,-3.7
410,Duop Reath,POR,28,15,4,11,6.0,2.6,0.9,2.1,40.6,0.6,1.6,37.5,0.3,0.4,66.7,0.4,0.5,0.9,0.3,0.1,0.0,0.1,0.7,4.5,0.0,0.0,-1.2
410,Steven Adams,HOU,31,20,13,7,10.3,2.6,1.1,1.7,61.8,0.0,0.0,0.0,0.5,1.4,37.0,1.7,2.3,4.0,1.1,1.1,0.3,0.2,1.0,9.3,0.0,0.0,0.2
412,Jeff Green,HOU,38,9,6,3,6.1,2.6,1.0,2.0,50.0,0.4,1.2,36.4,0.1,0.2,50.0,0.1,0.7,0.8,0.1,0.2,0.2,0.0,0.4,4.1,0.0,0.0,-2.4
413,Craig Porter Jr.,CLE,24,19,16,3,8.9,2.5,1.1,1.9,55.6,0.3,0.6,45.5,0.2,0.3,60.0,0.1,0.8,0.9,1.3,0.5,0.3,0.3,0.4,6.8,0.0,0.0,0.2
414,E.J. Liddell,CHI,24,6,2,4,5.1,2.5,0.8,1.3,62.5,0.5,1.0,50.0,0.3,0.3,100,0.2,0.7,0.8,0.5,0.3,0.2,0.2,1.3,4.9,0.0,0.0,1.3
415,Tristan Thompson,CLE,33,13,13,0,7.3,2.5,1.1,2.2,50.0,0.0,0.1,0.0,0.3,1.1,28.6,0.7,1.9,2.6,0.3,0.5,0.0,0.3,0.8,6.5,0.0,0.0,-2.7
416,Damion Lee,PHX,32,7,1,6,6.7,2.4,0.7,3.0,23.8,0.1,1.7,8.3,0.9,0.9,100,0.0,0.7,0.7,0.7,0.4,0.3,0.0,0.3,4.8,0.0,0.0,0.4
417,Anthony Gill,WAS,32,22,3,19,6.9,2.4,0.9,1.7,51.4,0.2,0.6,38.5,0.5,0.8,55.6,0.3,1.0,1.2,0.3,0.2,0.2,0.0,0.5,4.9,0.0,0.0,-1.1
417,Maxi Kleber,DAL,32,22,14,8,19.3,2.4,0.9,2.3,37.3,0.3,1.0,27.3,0.4,0.5,75.0,0.6,2.6,3.2,0.9,0.7,0.3,0.5,2.0,9.1,0.0,0.0,2.5
419,Tyler Kolek,NYK,23,20,14,6,6.4,2.4,0.9,2.1,40.5,0.5,1.3,40.0,0.2,0.2,100,0.1,0.6,0.7,0.8,0.4,0.3,0.1,0.6,5.0,0.0,0.0,-0.2
420,Chris Duarte,CHI,27,13,3,10,4.1,2.4,0.8,1.5,50.0,0.4,0.9,41.7,0.5,0.6,75.0,0.3,0.9,1.2,0.4,0.1,0.0,0.0,0.4,4.4,0.0,0.0,1.3
421,Trey Jemison III,NOP,25,16,1,15,10.4,2.4,0.9,2.0,46.9,0.0,0.0,0.0,0.5,1.3,38.1,1.4,1.4,2.8,0.6,0.6,0.4,0.4,1.7,8.4,0.0,0.0,-1.1
422,Nate Williams,HOU,25,3,3,0,3.3,2.3,1.0,1.3,75.0,0.3,0.7,50.0,0.0,0.0,0.0,0.0,1.0,1.0,0.0,0.0,0.3,0.0,0.0,4.5,0.0,0.0,1.0
423,Olivier-Maxence Prosper,DAL,22,23,15,8,7.3,2.3,0.8,2.1,39.6,0.2,0.7,26.7,0.5,0.8,57.9,0.7,1.1,1.8,0.4,0.1,0.3,0.1,0.3,6.1,0.0,0.0,-0.7
424,Brandon Williams,DAL,25,7,5,2,6.1,2.3,0.9,2.1,40.0,0.0,0.6,0.0,0.6,0.7,80.0,0.1,0.6,0.7,0.6,0.6,0.1,0.0,0.4,3.9,0.0,0.0,-2.6
425,Lester Quinones,PHI,24,4,1,3,4.2,2.3,1.0,2.0,50.0,0.0,0.8,0.0,0.3,0.3,100,0.8,0.3,1.0,0.3,1.0,0.0,0.0,0.0,2.8,0.0,0.0,-1.0
425,Vlatko Čančar,DEN,27,4,1,3,8.6,2.3,1.0,1.8,57.1,0.3,0.5,50.0,0.0,0.0,0.0,0.8,1.3,2.0,0.0,0.5,0.0,0.3,1.0,4.9,0.0,0.0,-0.5
427,Jaylon Tyson,CLE,22,19,16,3,7.7,2.2,0.9,1.9,45.9,0.2,0.7,30.8,0.2,0.4,50.0,0.7,1.0,1.7,0.7,0.5,0.3,0.0,1.2,5.6,1.0,0.0,-0.3
428,Jordan McLaughlin,SAC,28,23,12,11,7.2,2.1,0.7,1.7,38.5,0.4,1.0,39.1,0.4,0.6,71.4,0.1,0.7,0.8,0.9,0.4,0.4,0.0,0.5,5.2,0.0,0.0,0.1
429,Dillon Jones,OKC,23,25,21,4,8.2,2.1,0.8,2.4,32.8,0.3,1.4,19.4,0.2,0.4,60.0,0.6,1.2,1.8,0.7,0.3,0.2,0.1,0.9,5.7,0.0,0.0,-0.3
430,Kai Jones,LAC,23,21,10,11,8.1,2.0,0.8,1.2,65.4,0.0,0.1,0.0,0.4,0.6,75.0,0.6,1.2,1.8,0.4,0.4,0.3,0.5,1.0,6.8,0.0,0.0,-1.3
431,Adama Sanogo,CHI,22,4,2,2,5.4,2.0,1.0,1.8,57.1,0.0,0.0,0.0,0.0,0.0,0.0,1.3,0.3,1.5,0.3,0.3,0.0,0.0,0.3,3.9,0.0,0.0,-1.3
431,Alex Reese,OKC,25,1,1,0,1.9,2.0,1.0,1.0,100,0.0,0.0,0.0,0.0,0.0,0.0,1.0,0.0,1.0,0.0,0.0,0.0,0.0,0.0,3.2,0.0,0.0,3.0
431,Jalen Hood-Schifino,LAL,21,2,2,0,7.1,2.0,0.5,0.5,100,0.0,0.0,0.0,1.0,1.0,100,0.5,0.0,0.5,0.5,0.5,0.0,0.5,1.5,4.4,0.0,0.0,4.0
431,Leonard Miller,MIN,21,1,0,1,1.6,2.0,0.0,0.0,0.0,0.0,0.0,0.0,2.0,2.0,100,0.0,0.0,0.0,0.0,0.0,1.0,0.0,0.0,5.0,0.0,0.0,4.0
431,Orlando Robinson,SAC,24,8,4,4,6.3,2.0,0.8,1.9,40.0,0.1,0.6,20.0,0.4,0.8,50.0,0.4,1.1,1.5,1.1,0.4,0.3,0.1,0.8,6.2,0.0,0.0,0.9
431,Tyler Smith,MIL,20,11,6,5,3.5,2.0,0.8,1.3,64.3,0.3,0.7,37.5,0.1,0.2,50.0,0.1,0.8,0.9,0.1,0.3,0.0,0.3,0.4,3.8,0.0,0.0,1.3
437,Patrick Baldwin Jr.,WAS,22,14,1,13,4.3,1.9,0.7,1.4,50.0,0.4,0.8,45.5,0.1,0.3,50.0,0.2,0.6,0.9,0.1,0.1,0.1,0.1,0.3,3.8,0.0,0.0,1.6
438,Jordan Walsh,BOS,20,24,18,6,8.9,1.9,0.7,1.8,36.4,0.3,1.3,26.7,0.2,0.4,50.0,0.5,0.8,1.3,0.3,0.2,0.3,0.3,0.7,5.5,0.0,0.0,2.2
439,MarJon Beauchamp,MIL,24,14,8,6,3.8,1.9,0.6,1.6,40.9,0.2,0.8,27.3,0.4,0.4,83.3,0.1,0.8,0.9,0.1,0.8,0.1,0.0,0.3,2.6,0.0,0.0,1.1
440,Christian Koloko,LAL,24,20,13,7,9.1,1.9,0.9,1.4,63.0,0.0,0.1,0.0,0.2,0.2,75.0,0.9,1.4,2.3,0.2,0.4,0.3,0.4,1.2,6.5,0.0,0.0,-0.6
441,Ariel Hukporti,NYK,22,12,9,3,8.2,1.8,0.8,1.2,64.3,0.0,0.0,0.0,0.3,0.7,50.0,0.3,1.5,1.8,0.5,0.8,0.0,0.7,1.2,6.0,0.0,0.0,-4.0
442,Caleb Houstan,ORL,21,22,11,11,7.2,1.8,0.5,1.7,31.6,0.5,1.5,31.3,0.2,0.2,100,0.1,0.4,0.5,0.2,0.0,0.1,0.1,0.5,3.4,0.0,0.0,-0.5
443,Jericho Sims,NYK,26,29,19,10,11.6,1.7,0.8,1.2,64.7,0.0,0.0,0.0,0.2,0.3,66.7,1.3,2.2,3.6,0.6,0.5,0.2,0.3,1.3,8.0,0.0,0.0,1.4
444,Dwight Powell,DAL,33,27,16,11,8.0,1.6,0.4,0.6,80.0,0.0,0.0,100,0.7,1.0,67.9,0.6,1.2,1.8,0.7,0.2,0.4,0.6,1.2,7.4,0.0,0.0,0.9
445,Adem Bona,PHI,21,16,3,13,6.6,1.6,0.6,0.9,64.3,0.0,0.0,0.0,0.5,0.6,88.9,0.6,1.1,1.7,0.1,0.4,0.0,0.4,1.1,4.6,0.0,0.0,0.4
446,James Johnson,IND,37,5,1,4,4.3,1.6,0.8,1.4,57.1,0.0,0.2,0.0,0.0,0.2,0.0,0.0,0.8,0.8,0.6,0.8,0.0,0.4,0.6,3.9,0.0,0.0,1.0
446,Yuki Kawamura,MEM,23,15,12,3,3.5,1.6,0.5,1.3,40.0,0.3,0.9,28.6,0.3,0.4,66.7,0.0,0.3,0.3,0.7,0.3,0.1,0.0,0.3,3.0,0.0,0.0,-0.1
448,Pacôme Dadiet,NYK,19,12,10,2,6.8,1.6,0.5,1.7,30.0,0.4,1.2,35.7,0.2,0.2,100,0.0,1.1,1.1,0.4,0.1,0.1,0.2,0.4,4.2,0.0,0.0,0.1
449,Alex Len,SAC,31,26,13,13,7.3,1.5,0.7,1.3,50.0,0.0,0.2,0.0,0.2,0.4,54.5,0.7,1.3,1.9,0.9,0.3,0.2,0.5,0.9,7.0,0.0,0.0,-2.5
450,Enrique Freeman,IND,24,17,4,13,7.0,1.5,0.6,1.3,45.5,0.1,0.4,16.7,0.3,0.5,55.6,0.2,0.6,0.8,0.4,0.2,0.1,0.1,0.9,3.5,0.0,0.0,-2.4
451,Armel Traore,LAL,21,8,4,4,7.7,1.5,0.6,2.3,27.8,0.0,0.9,0.0,0.3,0.9,28.6,0.1,1.6,1.8,0.1,0.3,0.5,0.3,0.8,5.8,0.0,0.0,-6.0
451,Cory Joseph,ORL,33,20,10,10,6.1,1.5,0.6,1.7,32.4,0.4,1.2,34.8,0.0,0.0,0.0,0.3,0.8,1.0,0.7,0.3,0.4,0.1,0.4,4.8,0.0,0.0,-0.6
451,Jazian Gortman,DAL,21,14,8,6,3.6,1.5,0.6,1.4,40.0,0.2,0.6,37.5,0.1,0.3,50.0,0.1,0.3,0.4,0.4,0.4,0.1,0.1,0.6,2.8,0.0,0.0,0.3
451,Matt Ryan,NYK,27,10,9,1,4.6,1.5,0.6,2.1,28.6,0.3,1.4,21.4,0.0,0.0,0.0,0.0,0.2,0.2,0.0,0.3,0.1,0.0,0.0,1.7,0.0,0.0,-3.2
451,Terrence Shannon Jr.,MIN,24,10,7,3,4.5,1.5,0.7,1.3,53.8,0.1,0.3,33.3,0.0,0.0,0.0,0.0,0.2,0.2,0.5,0.3,0.2,0.1,0.1,3.1,0.0,0.0,0.5
456,AJ Johnson,MIL,20,5,3,2,2.1,1.4,0.6,1.2,50.0,0.2,0.2,100,0.0,0.0,0.0,0.0,0.4,0.4,0.2,0.4,0.0,0.0,0.0,1.8,0.0,0.0,2.0
456,Colin Castleton,MEM,24,10,9,1,4.6,1.4,0.2,1.0,20.0,0.0,0.4,0.0,1.0,1.1,90.9,0.3,0.6,0.9,0.0,0.1,0.1,0.1,0.6,3.0,0.0,0.0,0.5
456,Pat Spencer,GSW,28,10,4,6,4.9,1.4,0.6,1.7,35.3,0.0,0.3,0.0,0.2,0.2,100,0.4,0.6,1.0,1.4,0.4,0.6,0.0,0.4,6.1,0.0,0.0,-0.5
459,Jaden Springer,BOS,22,13,10,3,4.6,1.4,0.3,1.1,28.6,0.0,0.3,0.0,0.8,1.0,76.9,0.3,0.8,1.1,0.4,0.2,0.2,0.0,0.5,3.8,0.0,0.0,-1.1
460,Adam Flagler,OKC,25,11,10,1,3.6,1.4,0.5,1.8,25.0,0.5,1.7,26.3,0.0,0.0,0.0,0.2,0.4,0.5,0.0,0.0,0.2,0.0,0.4,2.6,0.0,0.0,0.9
461,Jack McVeigh,HOU,28,6,5,1,3.6,1.3,0.5,1.8,27.3,0.3,1.3,25.0,0.0,0.0,0.0,0.2,0.5,0.7,0.2,0.2,0.0,0.2,0.2,2.7,0.0,0.0,0.3
461,Justin Edwards,PHI,21,3,1,2,4.6,1.3,0.7,1.3,50.0,0.0,0.7,0.0,0.0,0.3,0.0,0.0,0.7,0.7,0.3,0.0,0.3,0.0,0.7,3.6,0.0,0.0,2.0
461,Luke Travers,CLE,23,6,5,1,6.9,1.3,0.5,1.2,42.9,0.0,0.5,0.0,0.3,0.3,100,0.2,0.8,1.0,0.8,0.3,0.2,0.2,0.5,4.5,0.0,0.0,1.0
464,Markieff Morris,DAL,35,4,3,1,5.2,1.3,0.5,2.3,22.2,0.3,0.8,33.3,0.0,0.0,0.0,0.0,1.3,1.3,0.5,0.5,0.0,0.3,0.0,3.8,0.0,0.0,-3.5
465,Zeke Nnaji,DEN,23,19,13,6,4.6,1.2,0.6,1.4,42.3,0.0,0.5,0.0,0.1,0.3,20.0,0.1,0.3,0.4,0.2,0.1,0.1,0.1,0.4,2.3,0.0,0.0,-3.7
466,Dominick Barlow,ATL,21,5,2,3,4.7,1.2,0.4,1.2,33.3,0.2,0.2,100,0.2,0.4,50.0,0.0,0.6,0.6,0.2,0.0,0.2,0.0,0.4,2.8,0.0,0.0,1.2
466,JD Davison,BOS,22,5,5,0,4.7,1.2,0.4,1.0,40.0,0.2,0.6,33.3,0.2,0.4,50.0,0.0,0.4,0.4,0.2,1.2,0.2,0.0,0.2,1.4,0.0,0.0,-6.0
468,Xavier Tillman,BOS,25,21,19,2,8.0,1.2,0.5,1.7,27.8,0.2,0.9,21.1,0.0,0.1,50.0,0.4,1.2,1.6,0.3,0.3,0.3,0.2,0.6,4.8,0.0,0.0,1.0
469,Sidy Cissoko,SAS,20,13,6,7,3.2,1.2,0.5,1.0,46.2,0.2,0.5,50.0,0.0,0.3,0.0,0.2,0.5,0.6,0.5,0.1,0.0,0.0,0.4,2.5,0.0,0.0,-0.3
470,Colby Jones,SAC,22,22,10,12,5.4,1.1,0.5,1.1,41.7,0.2,0.4,44.4,0.0,0.0,0.0,0.3,0.6,0.9,0.2,0.3,0.2,0.2,0.6,3.6,0.0,0.0,-0.5
471,Bryce McGowens,POR,22,2,0,2,3.3,1.0,0.5,1.0,50.0,0.0,0.5,0.0,0.0,0.0,0.0,0.5,0.0,0.5,0.5,0.0,0.0,0.0,0.0,2.4,0.0,0.0,6.0
471,Jared Rhoden,CHA,25,4,1,3,2.9,1.0,0.5,2.0,25.0,0.0,0.5,0.0,0.0,0.0,0.0,0.5,0.5,1.0,0.5,0.3,0.3,0.0,0.3,3.5,0.0,0.0,2.0
471,Jaylen Martin,BKN,20,3,2,1,1.6,1.0,0.3,0.7,50.0,0.3,0.3,100,0.0,0.0,0.0,0.0,0.0,0.0,0.0,0.0,0.0,0.0,0.3,1.0,0.0,0.0,0.3
471,Mouhamed Gueye,ATL,22,2,0,2,5.7,1.0,0.5,2.0,25.0,0.0,1.0,0.0,0.0,0.0,0.0,0.0,1.0,1.0,0.0,0.5,0.0,0.0,0.0,1.7,0.0,0.0,-0.5
471,Quinten Post,GSW,24,2,0,2,2.7,1.0,0.5,1.5,33.3,0.0,1.0,0.0,0.0,0.0,0.0,0.5,0.0,0.5,0.5,0.0,0.0,0.0,0.0,2.4,0.0,0.0,1.5
476,Trey Alexander,DEN,21,10,6,4,4.8,0.9,0.3,1.2,25.0,0.1,0.6,16.7,0.2,0.2,100,0.0,0.1,0.1,0.3,0.1,0.0,0.1,0.3,1.7,0.0,0.0,0.6
477,Maxwell Lewis,BKN,22,8,4,4,3.8,0.9,0.4,0.9,42.9,0.1,0.1,100,0.0,0.0,0.0,0.3,0.0,0.3,0.3,0.3,0.1,0.0,0.1,1.7,0.0,0.0,-3.3
478,Baylor Scheierman,BOS,24,5,5,0,6.8,0.8,0.2,2.0,10.0,0.0,1.2,0.0,0.4,0.4,100,0.4,1.0,1.4,0.4,0.0,0.2,0.0,0.6,3.7,0.0,0.0,-2.0
478,Karlo Matković,NOP,23,5,1,4,7.7,0.8,0.4,1.0,40.0,0.0,0.0,0.0,0.0,0.0,0.0,1.2,0.8,2.0,0.0,0.8,0.6,0.6,0.8,6.0,0.0,0.0,0.2
478,Ulrich Chomche,TOR,19,5,1,4,3.7,0.8,0.4,0.6,66.7,0.0,0.0,0.0,0.0,0.0,0.0,0.4,0.4,0.8,0.2,0.4,0.0,0.0,0.8,1.7,0.0,0.0,-1.8
481,PJ Dozier,MIN,28,9,7,2,3.9,0.8,0.2,0.3,66.7,0.2,0.3,66.7,0.1,0.7,16.7,0.1,0.4,0.6,0.6,0.1,0.1,0.0,0.3,2.5,0.0,0.0,-0.4
482,D.J. Carton,TOR,24,4,1,3,8.3,0.8,0.3,1.8,14.3,0.0,0.8,0.0,0.3,0.3,100,0.0,1.0,1.0,0.8,1.0,0.5,0.0,0.3,3.6,0.0,0.0,3.0
483,Liam Robbins,MIL,25,7,3,4,4.7,0.7,0.3,0.6,50.0,0.0,0.1,0.0,0.1,0.6,25.0,0.6,0.4,1.0,0.1,0.1,0.1,0.1,0.6,2.8,0.0,0.0,1.9
484,Branden Carlson,OKC,25,6,6,0,3.6,0.7,0.2,1.3,12.5,0.0,1.0,0.0,0.3,0.3,100,0.5,1.0,1.5,0.3,0.2,0.2,0.2,0.2,3.8,0.0,0.0,2.5
484,Chris Livingston,MIL,21,3,3,0,2.0,0.7,0.3,0.7,50.0,0.0,0.0,0.0,0.0,0.0,0.0,0.3,0.3,0.7,0.3,0.3,0.3,0.0,0.0,2.6,0.0,0.0,1.3
484,Gui Santos,GSW,22,9,5,4,4.4,0.7,0.2,0.8,28.6,0.1,0.6,20.0,0.1,0.2,50.0,0.2,0.8,1.0,0.3,0.3,0.0,0.1,0.7,2.4,0.0,0.0,1.3
484,Keshad Johnson,MIA,23,3,2,1,4.7,0.7,0.3,0.7,50.0,0.0,0.3,0.0,0.0,0.0,0.0,0.0,1.0,1.0,0.0,0.0,0.0,0.0,0.3,1.9,0.0,0.0,0.7
484,PJ Hall,DEN,22,6,4,2,2.3,0.7,0.3,0.8,40.0,0.0,0.3,0.0,0.0,0.0,0.0,0.0,0.5,0.5,0.0,0.0,0.0,0.2,0.2,1.8,0.0,0.0,0.5
484,Tristan Vukcevic,WAS,21,3,1,2,2.3,0.7,0.3,1.3,25.0,0.0,1.0,0.0,0.0,0.0,0.0,0.3,0.0,0.3,0.0,0.0,0.0,0.3,0.3,2.1,0.0,0.0,-2.3
490,Cui Yongxi,BKN,21,5,2,3,2.1,0.6,0.2,1.4,14.3,0.0,0.6,0.0,0.2,0.4,50.0,0.0,0.4,0.4,0.0,0.0,0.0,0.0,0.0,1.1,0.0,0.0,0.4
490,Tristen Newton,IND,23,5,0,5,1.6,0.6,0.2,1.2,16.7,0.0,0.6,0.0,0.2,0.2,100,0.0,0.0,0.0,0.2,0.2,0.0,0.0,0.4,0.7,0.0,0.0,-0.6
492,Bronny James,LAL,20,7,5,2,2.6,0.6,0.1,1.1,12.5,0.0,0.6,0.0,0.3,0.3,100,0.1,0.0,0.1,0.3,0.0,0.1,0.1,0.3,2.0,0.0,0.0,-2.7
493,Garrett Temple,TOR,38,11,3,8,4.2,0.5,0.2,0.9,20.0,0.1,0.5,20.0,0.0,0.0,0.0,0.1,0.7,0.8,0.6,0.4,0.4,0.1,0.5,3.4,0.0,0.0,-0.1
494,Reece Beekman,BKN,23,7,4,3,3.9,0.4,0.1,0.6,25.0,0.0,0.3,0.0,0.1,0.3,50.0,0.1,0.0,0.1,0.4,0.3,0.1,0.0,0.4,1.4,0.0,0.0,-2.0
495,Spencer Jones,DEN,23,5,4,1,2.6,0.4,0.2,0.8,25.0,0.0,0.6,0.0,0.0,0.0,0.0,0.0,0.6,0.6,0.0,0.2,0.4,0.0,0.2,2.1,0.0,0.0,-0.2
496,Stanley Umude,MIL,25,8,5,3,3.3,0.4,0.1,0.6,20.0,0.1,0.5,25.0,0.0,0.3,0.0,0.0,0.8,0.8,0.3,0.0,0.1,0.1,0.1,2.4,0.0,0.0,1.0
497,Daishen Nix,MIN,22,3,3,0,4.4,0.3,0.0,0.3,0.0,0.0,0.3,0.0,0.3,0.7,50.0,0.0,1.3,1.3,1.0,1.3,0.0,0.0,0.3,2.1,0.0,0.0,3.0
497,Malevy Leons,OKC,25,6,6,0,3.5,0.3,0.0,0.3,0.0,0.0,0.2,0.0,0.3,0.7,50.0,0.2,0.3,0.5,0.2,0.2,0.0,0.0,0.7,1.0,0.0,0.0,-3.0
499,Jalen Bridges,PHX,23,4,0,4,4.2,0.3,0.0,0.8,0.0,0.0,0.8,0.0,0.3,0.5,50.0,0.0,0.8,0.8,0.0,0.5,0.0,0.0,0.0,0.7,0.0,0.0,0.5
500,Jacob Toppin,NYK,24,9,8,1,2.7,0.2,0.1,0.3,33.3,0.0,0.2,0.0,0.0,0.0,0.0,0.0,0.4,0.4,0.4,0.1,0.0,0.0,0.1,1.3,0.0,0.0,-1.3
501,Alex Ducas,OKC,24,4,4,0,1.8,0.0,0.0,0.8,0.0,0.0,0.5,0.0,0.0,0.0,0.0,0.0,0.0,0.0,0.0,0.0,0.0,0.0,0.0,0.0,0.0,0.0,0.0
501,Cole Swider,DET,25,2,0,2,6.5,0.0,0.0,2.5,0.0,0.0,2.5,0.0,0.0,0.0,0.0,0.0,1.0,1.0,0.5,0.0,0.0,0.0,0.5,2.0,0.0,0.0,5.0
501,Daniss Jenkins,DET,23,2,0,2,2.5,0.0,0.0,1.0,0.0,0.0,1.0,0.0,0.0,0.0,0.0,0.0,0.0,0.0,0.0,0.0,0.0,0.0,0.5,0.0,0.0,0.0,-2.5
501,Harrison Ingram,SAS,22,1,0,1,6.8,0.0,0.0,1.0,0.0,0.0,0.0,0.0,0.0,0.0,0.0,0.0,1.0,1.0,0.0,0.0,0.0,0.0,1.0,1.2,0.0,0.0,0.0
501,Isaiah Crawford,SAC,23,2,2,0,3.3,0.0,0.0,0.0,0.0,0.0,0.0,0.0,0.0,0.0,0.0,0.0,0.5,0.5,0.0,0.0,0.0,0.0,0.5,0.6,0.0,0.0,0.5
501,Joe Ingles,MIN,37,7,5,2,3.7,0.0,0.0,0.3,0.0,0.0,0.3,0.0,0.0,0.0,0.0,0.3,0.0,0.3,1.3,0.1,0.0,0.0,0.7,2.1,0.0,0.0,-0.4
501,Josh Christopher,MIA,23,1,1,0,1.6,0.0,0.0,1.0,0.0,0.0,1.0,0.0,0.0,0.0,0.0,0.0,0.0,0.0,0.0,1.0,0.0,0.0,0.0,-1.0,0.0,0.0,-5.0
501,Justin Minaya,POR,25,1,0,1,6.1,0.0,0.0,0.0,0.0,0.0,0.0,0.0,0.0,0.0,0.0,0.0,1.0,1.0,0.0,0.0,0.0,0.0,1.0,1.2,0.0,0.0,-2.0
501,Kessler Edwards,DAL,24,12,7,5,2.2,0.0,0.0,0.5,0.0,0.0,0.3,0.0,0.0,0.0,0.0,0.0,0.2,0.2,0.1,0.1,0.0,0.1,0.3,0.5,0.0,0.0,-2.4
501,Mac McClung,ORL,25,1,0,1,4.9,0.0,0.0,0.0,0.0,0.0,0.0,0.0,0.0,0.0,0.0,0.0,1.0,1.0,2.0,0.0,0.0,0.0,0.0,4.2,0.0,0.0,11.0
501,Mason Jones,SAC,26,3,2,1,4.2,0.0,0.0,0.7,0.0,0.0,0.7,0.0,0.0,0.0,0.0,0.3,1.0,1.3,2.3,0.0,0.0,0.0,0.3,5.1,0.0,0.0,-0.3
501,Riley Minix,SAS,24,1,0,1,6.8,0.0,0.0,1.0,0.0,0.0,1.0,0.0,0.0,0.0,0.0,0.0,2.0,2.0,0.0,0.0,0.0,0.0,0.0,2.4,0.0,0.0,0.0
